Season,Style code,Style,Supplier,Planned units,Produced to date,First delivery
AW26,SLI,Slides,SUP06,200,80,2026-08-15
SS27,SLI,Slides,SUP06,200,0,2027-01-20
AW26,SWE,Sweatpants,SUP02,1120,448,2026-08-15
SS27,SWE,Sweatpants,SUP02,1180,0,2027-01-20
AW26,MTS,Men's T-shirt,SUP07,7000,2800,2026-08-15
SS27,MTS,Men's T-shirt,SUP07,5910,0,2027-01-20
AW26,HOL,Hoodie,SUP04,1860,744,2026-08-15
SS27,HOL,Hoodie,SUP04,1860,0,2027-01-20
AW26,SCH,Soft Cotton Hoodie in Jam,SUP05,320,128,2026-08-15
SS27,SCH,Soft Cotton Hoodie in Jam,SUP05,360,0,2027-01-20
AW26,SC2,Soft Cotton Hoodie in Clay,SUP06,440,176,2026-08-15
SS27,SC2,Soft Cotton Hoodie in Clay,SUP06,440,0,2027-01-20
AW26,SC3,Soft Cotton Hoodie in Ocean,SUP07,440,176,2026-08-15
SS27,SC3,Soft Cotton Hoodie in Ocean,SUP07,490,0,2027-01-20
AW26,SC4,Soft Cotton Hoodie in Violet,SUP08,290,116,2026-08-15
SS27,SC4,Soft Cotton Hoodie in Violet,SUP08,270,0,2027-01-20
AW26,SC5,Soft Cotton Hoodie in Green,SUP09,340,136,2026-08-15
SS27,SC5,Soft Cotton Hoodie in Green,SUP09,350,0,2027-01-20
AW26,MCR,Men's Crewneck,SUP10,1530,612,2026-08-15
SS27,MCR,Men's Crewneck,SUP10,1290,0,2027-01-20
AW26,WCR,Women's Crewneck,SUP11,1320,528,2026-08-15
SS27,WCR,Women's Crewneck,SUP11,1350,0,2027-01-20
AW26,WTS,Women's T-shirt,SUP12,4950,1980,2026-08-15
SS27,WTS,Women's T-shirt,SUP12,4540,0,2027-01-20
AW26,CSN,Canvas Sneakers,SUP06,2720,1088,2026-08-15
SS27,CSN,Canvas Sneakers,SUP06,2770,0,2027-01-20
AW26,FRO,Frontpack,SUP14,270,108,2026-08-15
SS27,FRO,Frontpack,SUP14,230,0,2027-01-20
AW26,HZI,Half Zip,SUP15,550,220,2026-08-15
SS27,HZI,Half Zip,SUP15,440,0,2027-01-20
AW26,LEG,Leggings,SUP16,1570,628,2026-08-15
SS27,LEG,Leggings,SUP16,1310,0,2027-01-20
AW26,LPU,Light Puffer,SUP17,200,80,2026-08-15
SS27,LPU,Light Puffer,SUP17,200,0,2027-01-20
AW26,PUF,Puffer,SUP18,770,308,2026-08-15
SS27,PUF,Puffer,SUP18,720,0,2027-01-20
AW26,PJA,Puffer Jacket,SUP01,710,284,2026-08-15
SS27,PJA,Puffer Jacket,SUP01,770,0,2027-01-20
AW26,SHO,Shorts,SUP02,1160,464,2026-08-15
SS27,SHO,Shorts,SUP02,1170,0,2027-01-20
AW26,WSH,Workout Shirt,SUP03,1150,460,2026-08-15
SS27,WSH,Workout Shirt,SUP03,1260,0,2027-01-20
AW26,BSU,Black Sunnies,SUP04,200,80,2026-08-15
SS27,BSU,Black Sunnies,SUP04,200,0,2027-01-20
AW26,WLS,White Leather Sneakers,SUP06,310,124,2026-08-15
SS27,WLS,White Leather Sneakers,SUP06,290,0,2027-01-20
AW26,GLS,Gray Leather Sneakers,SUP06,550,220,2026-08-15
SS27,GLS,Gray Leather Sneakers,SUP06,520,0,2027-01-20
AW26,GRU,Gray Runners,SUP06,630,252,2026-08-15
SS27,GRU,Gray Runners,SUP06,570,0,2027-01-20
AW26,CSU,Clear Sunnies,SUP08,200,80,2026-08-15
SS27,CSU,Clear Sunnies,SUP08,200,0,2027-01-20
AW26,HTS,High Top Sneakers,SUP06,330,132,2026-08-15
SS27,HTS,High Top Sneakers,SUP06,300,0,2027-01-20
AW26,BEA,Beanie,SUP10,310,124,2026-08-15
SS27,BEA,Beanie,SUP10,260,0,2027-01-20
AW26,HOO,Hoodie,SUP11,2070,828,2026-08-15
SS27,HOO,Hoodie,SUP11,1850,0,2027-01-20
