Encomenda;Fornecedor;Data encomenda;Data prevista;Artigo;Quantidade;Custo unitario;Estado
EC301;SUP06;2026-05-14;2026-07-23;SLI-BLK-S;24;13,65;Recebida
EC301;SUP06;2026-05-14;2026-07-23;SLI-BLK-M;30;13,65;Recebida
EC301;SUP06;2026-05-14;2026-07-23;SLI-BLK-L;23;13,65;Recebida
EC302;SUP06;2026-08-16;2026-10-25;SLI-BLK-S;19;13,65;Aberta
EC302;SUP06;2026-08-16;2026-10-25;SLI-BLK-M;26;13,65;Aberta
EC302;SUP06;2026-08-16;2026-10-25;SLI-BLK-L;34;13,65;Aberta
EC303;SUP06;2025-11-26;2026-02-04;SLI-BLK-S;23;13,65;Recebida
EC303;SUP06;2025-11-26;2026-02-04;SLI-BLK-M;28;13,65;Recebida
EC303;SUP06;2025-11-26;2026-02-04;SLI-BLK-L;19;13,65;Recebida
EC304;SUP02;2026-05-24;2026-07-19;SWE-GRN-S;16;26,07;Recebida
EC304;SUP02;2026-05-24;2026-07-19;SWE-OLV-S;36;26,07;Recebida
EC304;SUP02;2026-05-24;2026-07-19;SWE-OCN-S;23;26,07;Recebida
EC304;SUP02;2026-05-24;2026-07-19;SWE-PRP-S;26;26,07;Recebida
EC304;SUP02;2026-05-24;2026-07-19;SWE-RED-S;45;26,07;Recebida
EC304;SUP02;2026-05-24;2026-07-19;SWE-GRN-M;64;26,07;Recebida
EC304;SUP02;2026-05-24;2026-07-19;SWE-OLV-M;44;26,07;Recebida
EC304;SUP02;2026-05-24;2026-07-19;SWE-OCN-M;54;26,07;Recebida
EC304;SUP02;2026-05-24;2026-07-19;SWE-PRP-M;52;26,07;Recebida
EC304;SUP02;2026-05-24;2026-07-19;SWE-RED-M;65;26,07;Recebida
EC304;SUP02;2026-05-24;2026-07-19;SWE-GRN-L;21;26,07;Recebida
EC304;SUP02;2026-05-24;2026-07-19;SWE-OLV-L;42;26,07;Recebida
EC304;SUP02;2026-05-24;2026-07-19;SWE-OCN-L;51;26,07;Recebida
EC304;SUP02;2026-05-24;2026-07-19;SWE-PRP-L;40;26,07;Recebida
EC304;SUP02;2026-05-24;2026-07-19;SWE-RED-L;28;26,07;Recebida
EC305;SUP02;2026-01-09;2026-03-06;SWE-GRN-S;24;26,07;Recebida
EC305;SUP02;2026-01-09;2026-03-06;SWE-OLV-S;33;26,07;Recebida
EC305;SUP02;2026-01-09;2026-03-06;SWE-OCN-S;20;26,07;Recebida
EC305;SUP02;2026-01-09;2026-03-06;SWE-PRP-S;28;26,07;Recebida
EC305;SUP02;2026-01-09;2026-03-06;SWE-RED-S;20;26,07;Recebida
EC305;SUP02;2026-01-09;2026-03-06;SWE-GRN-M;32;26,07;Recebida
EC305;SUP02;2026-01-09;2026-03-06;SWE-OLV-M;59;26,07;Recebida
EC305;SUP02;2026-01-09;2026-03-06;SWE-OCN-M;57;26,07;Recebida
EC305;SUP02;2026-01-09;2026-03-06;SWE-PRP-M;23;26,07;Recebida
EC305;SUP02;2026-01-09;2026-03-06;SWE-RED-M;39;26,07;Recebida
EC305;SUP02;2026-01-09;2026-03-06;SWE-GRN-L;26;26,07;Recebida
EC305;SUP02;2026-01-09;2026-03-06;SWE-OLV-L;38;26,07;Recebida
EC305;SUP02;2026-01-09;2026-03-06;SWE-OCN-L;75;26,07;Recebida
EC305;SUP02;2026-01-09;2026-03-06;SWE-PRP-L;30;26,07;Recebida
EC305;SUP02;2026-01-09;2026-03-06;SWE-RED-L;50;26,07;Recebida
EC306;SUP02;2026-02-02;2026-03-30;SWE-GRN-S;18;26,07;Recebida
EC306;SUP02;2026-02-02;2026-03-30;SWE-OLV-S;22;26,07;Recebida
EC306;SUP02;2026-02-02;2026-03-30;SWE-OCN-S;46;26,07;Recebida
EC306;SUP02;2026-02-02;2026-03-30;SWE-PRP-S;12;26,07;Recebida
EC306;SUP02;2026-02-02;2026-03-30;SWE-RED-S;16;26,07;Recebida
EC306;SUP02;2026-02-02;2026-03-30;SWE-GRN-M;57;26,07;Recebida
EC306;SUP02;2026-02-02;2026-03-30;SWE-OLV-M;72;26,07;Recebida
EC306;SUP02;2026-02-02;2026-03-30;SWE-OCN-M;73;26,07;Recebida
EC306;SUP02;2026-02-02;2026-03-30;SWE-PRP-M;54;26,07;Recebida
EC306;SUP02;2026-02-02;2026-03-30;SWE-RED-M;37;26,07;Recebida
EC306;SUP02;2026-02-02;2026-03-30;SWE-GRN-L;19;26,07;Recebida
EC306;SUP02;2026-02-02;2026-03-30;SWE-OLV-L;58;26,07;Recebida
EC306;SUP02;2026-02-02;2026-03-30;SWE-OCN-L;61;26,07;Recebida
EC306;SUP02;2026-02-02;2026-03-30;SWE-PRP-L;40;26,07;Recebida
EC306;SUP02;2026-02-02;2026-03-30;SWE-RED-L;49;26,07;Recebida
EC307;SUP07;2026-05-15;2026-07-10;MTS-GRN-S;94;10,50;Recebida
EC307;SUP07;2026-05-15;2026-07-10;MTS-OLV-S;132;10,50;Recebida
EC307;SUP07;2026-05-15;2026-07-10;MTS-OCN-S;106;10,50;Recebida
EC307;SUP07;2026-05-15;2026-07-10;MTS-PRP-S;55;10,50;Recebida
EC307;SUP07;2026-05-15;2026-07-10;MTS-RED-S;61;10,50;Recebida
EC307;SUP07;2026-05-15;2026-07-10;MTS-GRN-M;121;10,50;Recebida
EC307;SUP07;2026-05-15;2026-07-10;MTS-OLV-M;169;10,50;Recebida
EC307;SUP07;2026-05-15;2026-07-10;MTS-OCN-M;162;10,50;Recebida
EC307;SUP07;2026-05-15;2026-07-10;MTS-PRP-M;86;10,50;Recebida
EC307;SUP07;2026-05-15;2026-07-10;MTS-RED-M;140;10,50;Recebida
EC307;SUP07;2026-05-15;2026-07-10;MTS-GRN-L;46;10,50;Recebida
EC307;SUP07;2026-05-15;2026-07-10;MTS-OLV-L;190;10,50;Recebida
EC307;SUP07;2026-05-15;2026-07-10;MTS-OCN-L;149;10,50;Recebida
EC307;SUP07;2026-05-15;2026-07-10;MTS-PRP-L;43;10,50;Recebida
EC307;SUP07;2026-05-15;2026-07-10;MTS-RED-L;110;10,50;Recebida
EC307;SUP07;2026-05-15;2026-07-10;MTS-GRN-XL;49;10,50;Recebida
EC307;SUP07;2026-05-15;2026-07-10;MTS-OLV-XL;88;10,50;Recebida
EC307;SUP07;2026-05-15;2026-07-10;MTS-OCN-XL;102;10,50;Recebida
EC307;SUP07;2026-05-15;2026-07-10;MTS-PRP-XL;61;10,50;Recebida
EC307;SUP07;2026-05-15;2026-07-10;MTS-RED-XL;81;10,50;Recebida
EC308;SUP07;2026-07-05;2026-08-30;MTS-GRN-S;83;10,50;Recebida
EC308;SUP07;2026-07-05;2026-08-30;MTS-OLV-S;53;10,50;Recebida
EC308;SUP07;2026-07-05;2026-08-30;MTS-OCN-S;57;10,50;Recebida
EC308;SUP07;2026-07-05;2026-08-30;MTS-PRP-S;39;10,50;Recebida
EC308;SUP07;2026-07-05;2026-08-30;MTS-RED-S;56;10,50;Recebida
EC308;SUP07;2026-07-05;2026-08-30;MTS-GRN-M;134;10,50;Recebida
EC308;SUP07;2026-07-05;2026-08-30;MTS-OLV-M;117;10,50;Recebida
EC308;SUP07;2026-07-05;2026-08-30;MTS-OCN-M;194;10,50;Recebida
EC308;SUP07;2026-07-05;2026-08-30;MTS-PRP-M;84;10,50;Recebida
EC308;SUP07;2026-07-05;2026-08-30;MTS-RED-M;160;10,50;Recebida
EC308;SUP07;2026-07-05;2026-08-30;MTS-GRN-L;77;10,50;Recebida
EC308;SUP07;2026-07-05;2026-08-30;MTS-OLV-L;191;10,50;Recebida
EC308;SUP07;2026-07-05;2026-08-30;MTS-OCN-L;172;10,50;Recebida
EC308;SUP07;2026-07-05;2026-08-30;MTS-PRP-L;74;10,50;Recebida
EC308;SUP07;2026-07-05;2026-08-30;MTS-RED-L;145;10,50;Recebida
EC308;SUP07;2026-07-05;2026-08-30;MTS-GRN-XL;59;10,50;Recebida
EC308;SUP07;2026-07-05;2026-08-30;MTS-OLV-XL;61;10,50;Recebida
EC308;SUP07;2026-07-05;2026-08-30;MTS-OCN-XL;45;10,50;Recebida
EC308;SUP07;2026-07-05;2026-08-30;MTS-PRP-XL;37;10,50;Recebida
EC308;SUP07;2026-07-05;2026-08-30;MTS-RED-XL;74;10,50;Recebida
EC309;SUP07;2026-04-05;2026-05-31;MTS-GRN-S;42;10,50;Recebida
EC309;SUP07;2026-04-05;2026-05-31;MTS-OLV-S;128;10,50;Recebida
EC309;SUP07;2026-04-05;2026-05-31;MTS-OCN-S;84;10,50;Recebida
EC309;SUP07;2026-04-05;2026-05-31;MTS-PRP-S;78;10,50;Recebida
EC309;SUP07;2026-04-05;2026-05-31;MTS-RED-S;57;10,50;Recebida
EC309;SUP07;2026-04-05;2026-05-31;MTS-GRN-M;146;10,50;Recebida
EC309;SUP07;2026-04-05;2026-05-31;MTS-OLV-M;199;10,50;Recebida
EC309;SUP07;2026-04-05;2026-05-31;MTS-OCN-M;109;10,50;Recebida
EC309;SUP07;2026-04-05;2026-05-31;MTS-PRP-M;137;10,50;Recebida
EC309;SUP07;2026-04-05;2026-05-31;MTS-RED-M;110;10,50;Recebida
EC309;SUP07;2026-04-05;2026-05-31;MTS-GRN-L;96;10,50;Recebida
EC309;SUP07;2026-04-05;2026-05-31;MTS-OLV-L;119;10,50;Recebida
EC309;SUP07;2026-04-05;2026-05-31;MTS-OCN-L;130;10,50;Recebida
EC309;SUP07;2026-04-05;2026-05-31;MTS-PRP-L;105;10,50;Recebida
EC309;SUP07;2026-04-05;2026-05-31;MTS-RED-L;140;10,50;Recebida
EC309;SUP07;2026-04-05;2026-05-31;MTS-GRN-XL;43;10,50;Recebida
EC309;SUP07;2026-04-05;2026-05-31;MTS-OLV-XL;88;10,50;Recebida
EC309;SUP07;2026-04-05;2026-05-31;MTS-OCN-XL;48;10,50;Recebida
EC309;SUP07;2026-04-05;2026-05-31;MTS-PRP-XL;55;10,50;Recebida
EC309;SUP07;2026-04-05;2026-05-31;MTS-RED-XL;47;10,50;Recebida
EC310;SUP07;2026-07-02;2026-08-27;MTS-GRN-S;42;10,50;Recebida
EC310;SUP07;2026-07-02;2026-08-27;MTS-OLV-S;57;10,50;Recebida
EC310;SUP07;2026-07-02;2026-08-27;MTS-OCN-S;60;10,50;Recebida
EC310;SUP07;2026-07-02;2026-08-27;MTS-PRP-S;35;10,50;Recebida
EC310;SUP07;2026-07-02;2026-08-27;MTS-RED-S;94;10,50;Recebida
EC310;SUP07;2026-07-02;2026-08-27;MTS-GRN-M;125;10,50;Recebida
EC310;SUP07;2026-07-02;2026-08-27;MTS-OLV-M;140;10,50;Recebida
EC310;SUP07;2026-07-02;2026-08-27;MTS-OCN-M;225;10,50;Recebida
EC310;SUP07;2026-07-02;2026-08-27;MTS-PRP-M;139;10,50;Recebida
EC310;SUP07;2026-07-02;2026-08-27;MTS-RED-M;83;10,50;Recebida
EC310;SUP07;2026-07-02;2026-08-27;MTS-GRN-L;57;10,50;Recebida
EC310;SUP07;2026-07-02;2026-08-27;MTS-OLV-L;147;10,50;Recebida
EC310;SUP07;2026-07-02;2026-08-27;MTS-OCN-L;99;10,50;Recebida
EC310;SUP07;2026-07-02;2026-08-27;MTS-PRP-L;118;10,50;Recebida
EC310;SUP07;2026-07-02;2026-08-27;MTS-RED-L;90;10,50;Recebida
EC310;SUP07;2026-07-02;2026-08-27;MTS-GRN-XL;74;10,50;Recebida
EC310;SUP07;2026-07-02;2026-08-27;MTS-OLV-XL;76;10,50;Recebida
EC310;SUP07;2026-07-02;2026-08-27;MTS-OCN-XL;108;10,50;Recebida
EC310;SUP07;2026-07-02;2026-08-27;MTS-PRP-XL;25;10,50;Recebida
EC310;SUP07;2026-07-02;2026-08-27;MTS-RED-XL;42;10,50;Recebida
EC311;SUP04;2025-12-15;2026-02-09;HOL-GRN-S;44;29,37;Recebida
EC311;SUP04;2025-12-15;2026-02-09;HOL-OLV-S;76;29,37;Recebida
EC311;SUP04;2025-12-15;2026-02-09;HOL-OCN-S;70;29,37;Recebida
EC311;SUP04;2025-12-15;2026-02-09;HOL-PRP-S;36;29,37;Recebida
EC311;SUP04;2025-12-15;2026-02-09;HOL-RED-S;39;29,37;Recebida
EC311;SUP04;2025-12-15;2026-02-09;HOL-GRN-M;74;29,37;Recebida
EC311;SUP04;2025-12-15;2026-02-09;HOL-OLV-M;101;29,37;Recebida
EC311;SUP04;2025-12-15;2026-02-09;HOL-OCN-M;89;29,37;Recebida
EC311;SUP04;2025-12-15;2026-02-09;HOL-PRP-M;39;29,37;Recebida
EC311;SUP04;2025-12-15;2026-02-09;HOL-RED-M;76;29,37;Recebida
EC311;SUP04;2025-12-15;2026-02-09;HOL-GRN-L;57;29,37;Recebida
EC311;SUP04;2025-12-15;2026-02-09;HOL-OLV-L;44;29,37;Recebida
EC311;SUP04;2025-12-15;2026-02-09;HOL-OCN-L;84;29,37;Recebida
EC311;SUP04;2025-12-15;2026-02-09;HOL-PRP-L;50;29,37;Recebida
EC311;SUP04;2025-12-15;2026-02-09;HOL-RED-L;42;29,37;Recebida
EC311;SUP04;2025-12-15;2026-02-09;HOL-GRN-XL;20;29,37;Recebida
EC311;SUP04;2025-12-15;2026-02-09;HOL-OLV-XL;43;29,37;Recebida
EC311;SUP04;2025-12-15;2026-02-09;HOL-OCN-XL;41;29,37;Recebida
EC311;SUP04;2025-12-15;2026-02-09;HOL-PRP-XL;22;29,37;Recebida
EC311;SUP04;2025-12-15;2026-02-09;HOL-RED-XL;40;29,37;Recebida
EC312;SUP04;2025-10-01;2025-11-26;HOL-GRN-S;49;29,37;Recebida
EC312;SUP04;2025-10-01;2025-11-26;HOL-OLV-S;49;29,37;Recebida
EC312;SUP04;2025-10-01;2025-11-26;HOL-OCN-S;35;29,37;Recebida
EC312;SUP04;2025-10-01;2025-11-26;HOL-PRP-S;29;29,37;Recebida
EC312;SUP04;2025-10-01;2025-11-26;HOL-RED-S;47;29,37;Recebida
EC312;SUP04;2025-10-01;2025-11-26;HOL-GRN-M;61;29,37;Recebida
EC312;SUP04;2025-10-01;2025-11-26;HOL-OLV-M;115;29,37;Recebida
EC312;SUP04;2025-10-01;2025-11-26;HOL-OCN-M;116;29,37;Recebida
EC312;SUP04;2025-10-01;2025-11-26;HOL-PRP-M;45;29,37;Recebida
EC312;SUP04;2025-10-01;2025-11-26;HOL-RED-M;78;29,37;Recebida
EC312;SUP04;2025-10-01;2025-11-26;HOL-GRN-L;37;29,37;Recebida
EC312;SUP04;2025-10-01;2025-11-26;HOL-OLV-L;100;29,37;Recebida
EC312;SUP04;2025-10-01;2025-11-26;HOL-OCN-L;104;29,37;Recebida
EC312;SUP04;2025-10-01;2025-11-26;HOL-PRP-L;53;29,37;Recebida
EC312;SUP04;2025-10-01;2025-11-26;HOL-RED-L;28;29,37;Recebida
EC312;SUP04;2025-10-01;2025-11-26;HOL-GRN-XL;24;29,37;Recebida
EC312;SUP04;2025-10-01;2025-11-26;HOL-OLV-XL;49;29,37;Recebida
EC312;SUP04;2025-10-01;2025-11-26;HOL-OCN-XL;34;29,37;Recebida
EC312;SUP04;2025-10-01;2025-11-26;HOL-PRP-XL;18;29,37;Recebida
EC312;SUP04;2025-10-01;2025-11-26;HOL-RED-XL;24;29,37;Recebida
EC313;SUP04;2026-07-27;2026-09-21;HOL-GRN-S;18;29,37;Recebida
EC313;SUP04;2026-07-27;2026-09-21;HOL-OLV-S;34;29,37;Recebida
EC313;SUP04;2026-07-27;2026-09-21;HOL-OCN-S;38;29,37;Recebida
EC313;SUP04;2026-07-27;2026-09-21;HOL-PRP-S;29;29,37;Recebida
EC313;SUP04;2026-07-27;2026-09-21;HOL-RED-S;38;29,37;Recebida
EC313;SUP04;2026-07-27;2026-09-21;HOL-GRN-M;37;29,37;Recebida
EC313;SUP04;2026-07-27;2026-09-21;HOL-OLV-M;52;29,37;Recebida
EC313;SUP04;2026-07-27;2026-09-21;HOL-OCN-M;96;29,37;Recebida
EC313;SUP04;2026-07-27;2026-09-21;HOL-PRP-M;27;29,37;Recebida
EC313;SUP04;2026-07-27;2026-09-21;HOL-RED-M;87;29,37;Recebida
EC313;SUP04;2026-07-27;2026-09-21;HOL-GRN-L;54;29,37;Recebida
EC313;SUP04;2026-07-27;2026-09-21;HOL-OLV-L;61;29,37;Recebida
EC313;SUP04;2026-07-27;2026-09-21;HOL-OCN-L;74;29,37;Recebida
EC313;SUP04;2026-07-27;2026-09-21;HOL-PRP-L;22;29,37;Recebida
EC313;SUP04;2026-07-27;2026-09-21;HOL-RED-L;80;29,37;Recebida
EC313;SUP04;2026-07-27;2026-09-21;HOL-GRN-XL;33;29,37;Recebida
EC313;SUP04;2026-07-27;2026-09-21;HOL-OLV-XL;39;29,37;Recebida
EC313;SUP04;2026-07-27;2026-09-21;HOL-OCN-XL;51;29,37;Recebida
EC313;SUP04;2026-07-27;2026-09-21;HOL-PRP-XL;23;29,37;Recebida
EC313;SUP04;2026-07-27;2026-09-21;HOL-RED-XL;21;29,37;Recebida
EC314;SUP04;2026-05-06;2026-07-01;HOL-GRN-S;45;29,37;Recebida
EC314;SUP04;2026-05-06;2026-07-01;HOL-OLV-S;61;29,37;Recebida
EC314;SUP04;2026-05-06;2026-07-01;HOL-OCN-S;69;29,37;Recebida
EC314;SUP04;2026-05-06;2026-07-01;HOL-PRP-S;26;29,37;Recebida
EC314;SUP04;2026-05-06;2026-07-01;HOL-RED-S;51;29,37;Recebida
EC314;SUP04;2026-05-06;2026-07-01;HOL-GRN-M;39;29,37;Recebida
EC314;SUP04;2026-05-06;2026-07-01;HOL-OLV-M;97;29,37;Recebida
EC314;SUP04;2026-05-06;2026-07-01;HOL-OCN-M;54;29,37;Recebida
EC314;SUP04;2026-05-06;2026-07-01;HOL-PRP-M;57;29,37;Recebida
EC314;SUP04;2026-05-06;2026-07-01;HOL-RED-M;44;29,37;Recebida
EC314;SUP04;2026-05-06;2026-07-01;HOL-GRN-L;26;29,37;Recebida
EC314;SUP04;2026-05-06;2026-07-01;HOL-OLV-L;89;29,37;Recebida
EC314;SUP04;2026-05-06;2026-07-01;HOL-OCN-L;67;29,37;Recebida
EC314;SUP04;2026-05-06;2026-07-01;HOL-PRP-L;28;29,37;Recebida
EC314;SUP04;2026-05-06;2026-07-01;HOL-RED-L;30;29,37;Recebida
EC314;SUP04;2026-05-06;2026-07-01;HOL-GRN-XL;28;29,37;Recebida
EC314;SUP04;2026-05-06;2026-07-01;HOL-OLV-XL;37;29,37;Recebida
EC314;SUP04;2026-05-06;2026-07-01;HOL-OCN-XL;33;29,37;Recebida
EC314;SUP04;2026-05-06;2026-07-01;HOL-PRP-XL;25;29,37;Recebida
EC314;SUP04;2026-05-06;2026-07-01;HOL-RED-XL;45;29,37;Recebida
EC315;SUP05;2025-12-24;2026-02-25;SCH-RED-S;57;29,37;Recebida
EC315;SUP05;2025-12-24;2026-02-25;SCH-RED-M;94;29,37;Recebida
EC315;SUP05;2025-12-24;2026-02-25;SCH-RED-L;75;29,37;Recebida
EC315;SUP05;2025-12-24;2026-02-25;SCH-RED-XL;45;29,37;Recebida
EC316;SUP05;2026-04-07;2026-06-09;SCH-RED-S;29;29,37;Recebida
EC316;SUP05;2026-04-07;2026-06-09;SCH-RED-M;82;29,37;Recebida
EC316;SUP05;2026-04-07;2026-06-09;SCH-RED-L;77;29,37;Recebida
EC316;SUP05;2026-04-07;2026-06-09;SCH-RED-XL;28;29,37;Recebida
EC317;SUP05;2026-01-05;2026-03-09;SCH-RED-S;25;29,37;Recebida
EC317;SUP05;2026-01-05;2026-03-09;SCH-RED-M;49;29,37;Recebida
EC317;SUP05;2026-01-05;2026-03-09;SCH-RED-L;40;29,37;Recebida
EC317;SUP05;2026-01-05;2026-03-09;SCH-RED-XL;22;29,37;Recebida
EC318;SUP06;2026-08-10;2026-10-19;SC2-CLY-S;40;29,37;Aberta
EC318;SUP06;2026-08-10;2026-10-19;SC2-CLY-M;65;29,37;Aberta
EC318;SUP06;2026-08-10;2026-10-19;SC2-CLY-L;94;29,37;Aberta
EC318;SUP06;2026-08-10;2026-10-19;SC2-CLY-XL;48;29,37;Aberta
EC319;SUP06;2026-08-05;2026-10-14;SC2-CLY-S;46;29,37;Aberta
EC319;SUP06;2026-08-05;2026-10-14;SC2-CLY-M;67;29,37;Aberta
EC319;SUP06;2026-08-05;2026-10-14;SC2-CLY-L;59;29,37;Aberta
EC319;SUP06;2026-08-05;2026-10-14;SC2-CLY-XL;37;29,37;Aberta
EC320;SUP06;2025-11-14;2026-01-23;SC2-CLY-S;30;29,37;Recebida
EC320;SUP06;2025-11-14;2026-01-23;SC2-CLY-M;66;29,37;Recebida
EC320;SUP06;2025-11-14;2026-01-23;SC2-CLY-L;80;29,37;Recebida
EC320;SUP06;2025-11-14;2026-01-23;SC2-CLY-XL;35;29,37;Recebida
EC321;SUP07;2025-11-16;2026-01-11;SC3-OCN-S;62;29,37;Recebida
EC321;SUP07;2025-11-16;2026-01-11;SC3-OCN-M;105;29,37;Recebida
EC321;SUP07;2025-11-16;2026-01-11;SC3-OCN-L;80;29,37;Recebida
EC321;SUP07;2025-11-16;2026-01-11;SC3-OCN-XL;25;29,37;Recebida
EC322;SUP07;2026-03-30;2026-05-25;SC3-OCN-S;31;29,37;Recebida
EC322;SUP07;2026-03-30;2026-05-25;SC3-OCN-M;72;29,37;Recebida
EC322;SUP07;2026-03-30;2026-05-25;SC3-OCN-L;53;29,37;Recebida
EC322;SUP07;2026-03-30;2026-05-25;SC3-OCN-XL;28;29,37;Recebida
EC323;SUP08;2026-01-09;2026-03-13;SC4-PRP-S;36;29,37;Recebida
EC323;SUP08;2026-01-09;2026-03-13;SC4-PRP-M;71;29,37;Recebida
EC323;SUP08;2026-01-09;2026-03-13;SC4-PRP-L;50;29,37;Recebida
EC323;SUP08;2026-01-09;2026-03-13;SC4-PRP-XL;31;29,37;Recebida
EC324;SUP08;2025-10-20;2025-12-22;SC4-PRP-S;39;29,37;Recebida
EC324;SUP08;2025-10-20;2025-12-22;SC4-PRP-M;32;29,37;Recebida
EC324;SUP08;2025-10-20;2025-12-22;SC4-PRP-L;43;29,37;Recebida
EC324;SUP08;2025-10-20;2025-12-22;SC4-PRP-XL;16;29,37;Recebida
EC325;SUP08;2025-12-11;2026-02-12;SC4-PRP-S;18;29,37;Recebida
EC325;SUP08;2025-12-11;2026-02-12;SC4-PRP-M;70;29,37;Recebida
EC325;SUP08;2025-12-11;2026-02-12;SC4-PRP-L;42;29,37;Recebida
EC325;SUP08;2025-12-11;2026-02-12;SC4-PRP-XL;22;29,37;Recebida
EC326;SUP08;2025-10-06;2025-12-08;SC4-PRP-S;30;29,37;Recebida
EC326;SUP08;2025-10-06;2025-12-08;SC4-PRP-M;46;29,37;Recebida
EC326;SUP08;2025-10-06;2025-12-08;SC4-PRP-L;54;29,37;Recebida
EC326;SUP08;2025-10-06;2025-12-08;SC4-PRP-XL;18;29,37;Recebida
EC327;SUP09;2025-11-07;2026-01-16;SC5-GRN-S;21;29,37;Recebida
EC327;SUP09;2025-11-07;2026-01-16;SC5-GRN-M;43;29,37;Recebida
EC327;SUP09;2025-11-07;2026-01-16;SC5-GRN-L;44;29,37;Recebida
EC327;SUP09;2025-11-07;2026-01-16;SC5-GRN-XL;38;29,37;Recebida
EC328;SUP09;2026-07-19;2026-09-27;SC5-GRN-S;24;29,37;Recebida
EC328;SUP09;2026-07-19;2026-09-27;SC5-GRN-M;69;29,37;Recebida
EC328;SUP09;2026-07-19;2026-09-27;SC5-GRN-L;60;29,37;Recebida
EC328;SUP09;2026-07-19;2026-09-27;SC5-GRN-XL;21;29,37;Recebida
EC329;SUP10;2025-11-04;2025-12-30;MCR-GRN-S;23;24,75;Recebida
EC329;SUP10;2025-11-04;2025-12-30;MCR-OLV-S;48;24,75;Recebida
EC329;SUP10;2025-11-04;2025-12-30;MCR-OCN-S;29;24,75;Recebida
EC329;SUP10;2025-11-04;2025-12-30;MCR-PRP-S;25;24,75;Recebida
EC329;SUP10;2025-11-04;2025-12-30;MCR-RED-S;27;24,75;Recebida
EC329;SUP10;2025-11-04;2025-12-30;MCR-GRN-M;30;24,75;Recebida
EC329;SUP10;2025-11-04;2025-12-30;MCR-OLV-M;103;24,75;Recebida
EC329;SUP10;2025-11-04;2025-12-30;MCR-OCN-M;70;24,75;Recebida
EC329;SUP10;2025-11-04;2025-12-30;MCR-PRP-M;39;24,75;Recebida
EC329;SUP10;2025-11-04;2025-12-30;MCR-RED-M;30;24,75;Recebida
EC329;SUP10;2025-11-04;2025-12-30;MCR-GRN-L;30;24,75;Recebida
EC329;SUP10;2025-11-04;2025-12-30;MCR-OLV-L;36;24,75;Recebida
EC329;SUP10;2025-11-04;2025-12-30;MCR-OCN-L;58;24,75;Recebida
EC329;SUP10;2025-11-04;2025-12-30;MCR-PRP-L;37;24,75;Recebida
EC329;SUP10;2025-11-04;2025-12-30;MCR-RED-L;63;24,75;Recebida
EC330;SUP10;2026-03-23;2026-05-18;MCR-GRN-S;37;24,75;Recebida
EC330;SUP10;2026-03-23;2026-05-18;MCR-OLV-S;44;24,75;Recebida
EC330;SUP10;2026-03-23;2026-05-18;MCR-OCN-S;28;24,75;Recebida
EC330;SUP10;2026-03-23;2026-05-18;MCR-PRP-S;18;24,75;Recebida
EC330;SUP10;2026-03-23;2026-05-18;MCR-RED-S;25;24,75;Recebida
EC330;SUP10;2026-03-23;2026-05-18;MCR-GRN-M;31;24,75;Recebida
EC330;SUP10;2026-03-23;2026-05-18;MCR-OLV-M;68;24,75;Recebida
EC330;SUP10;2026-03-23;2026-05-18;MCR-OCN-M;38;24,75;Recebida
EC330;SUP10;2026-03-23;2026-05-18;MCR-PRP-M;25;24,75;Recebida
EC330;SUP10;2026-03-23;2026-05-18;MCR-RED-M;50;24,75;Recebida
EC330;SUP10;2026-03-23;2026-05-18;MCR-GRN-L;55;24,75;Recebida
EC330;SUP10;2026-03-23;2026-05-18;MCR-OLV-L;41;24,75;Recebida
EC330;SUP10;2026-03-23;2026-05-18;MCR-OCN-L;73;24,75;Recebida
EC330;SUP10;2026-03-23;2026-05-18;MCR-PRP-L;24;24,75;Recebida
EC330;SUP10;2026-03-23;2026-05-18;MCR-RED-L;27;24,75;Recebida
EC331;SUP10;2026-03-12;2026-05-07;MCR-GRN-S;45;24,75;Recebida
EC331;SUP10;2026-03-12;2026-05-07;MCR-OLV-S;40;24,75;Recebida
EC331;SUP10;2026-03-12;2026-05-07;MCR-OCN-S;25;24,75;Recebida
EC331;SUP10;2026-03-12;2026-05-07;MCR-PRP-S;19;24,75;Recebida
EC331;SUP10;2026-03-12;2026-05-07;MCR-RED-S;42;24,75;Recebida
EC331;SUP10;2026-03-12;2026-05-07;MCR-GRN-M;71;24,75;Recebida
EC331;SUP10;2026-03-12;2026-05-07;MCR-OLV-M;58;24,75;Recebida
EC331;SUP10;2026-03-12;2026-05-07;MCR-OCN-M;94;24,75;Recebida
EC331;SUP10;2026-03-12;2026-05-07;MCR-PRP-M;34;24,75;Recebida
EC331;SUP10;2026-03-12;2026-05-07;MCR-RED-M;46;24,75;Recebida
EC331;SUP10;2026-03-12;2026-05-07;MCR-GRN-L;48;24,75;Recebida
EC331;SUP10;2026-03-12;2026-05-07;MCR-OLV-L;66;24,75;Recebida
EC331;SUP10;2026-03-12;2026-05-07;MCR-OCN-L;49;24,75;Recebida
EC331;SUP10;2026-03-12;2026-05-07;MCR-PRP-L;51;24,75;Recebida
EC331;SUP10;2026-03-12;2026-05-07;MCR-RED-L;33;24,75;Recebida
EC332;SUP10;2026-07-02;2026-08-27;MCR-GRN-S;23;24,75;Recebida
EC332;SUP10;2026-07-02;2026-08-27;MCR-OLV-S;41;24,75;Recebida
EC332;SUP10;2026-07-02;2026-08-27;MCR-OCN-S;32;24,75;Recebida
EC332;SUP10;2026-07-02;2026-08-27;MCR-PRP-S;29;24,75;Recebida
EC332;SUP10;2026-07-02;2026-08-27;MCR-RED-S;32;24,75;Recebida
EC332;SUP10;2026-07-02;2026-08-27;MCR-GRN-M;60;24,75;Recebida
EC332;SUP10;2026-07-02;2026-08-27;MCR-OLV-M;62;24,75;Recebida
EC332;SUP10;2026-07-02;2026-08-27;MCR-OCN-M;99;24,75;Recebida
EC332;SUP10;2026-07-02;2026-08-27;MCR-PRP-M;33;24,75;Recebida
EC332;SUP10;2026-07-02;2026-08-27;MCR-RED-M;30;24,75;Recebida
EC332;SUP10;2026-07-02;2026-08-27;MCR-GRN-L;38;24,75;Recebida
EC332;SUP10;2026-07-02;2026-08-27;MCR-OLV-L;56;24,75;Recebida
EC332;SUP10;2026-07-02;2026-08-27;MCR-OCN-L;57;24,75;Recebida
EC332;SUP10;2026-07-02;2026-08-27;MCR-PRP-L;52;24,75;Recebida
EC332;SUP10;2026-07-02;2026-08-27;MCR-RED-L;55;24,75;Recebida
EC333;SUP11;2026-06-11;2026-08-13;WCR-GRN-S;19;24,75;Recebida
EC333;SUP11;2026-06-11;2026-08-13;WCR-OLV-S;24;24,75;Recebida
EC333;SUP11;2026-06-11;2026-08-13;WCR-OCN-S;35;24,75;Recebida
EC333;SUP11;2026-06-11;2026-08-13;WCR-PRP-S;16;24,75;Recebida
EC333;SUP11;2026-06-11;2026-08-13;WCR-RED-S;45;24,75;Recebida
EC333;SUP11;2026-06-11;2026-08-13;WCR-GRN-M;33;24,75;Recebida
EC333;SUP11;2026-06-11;2026-08-13;WCR-OLV-M;56;24,75;Recebida
EC333;SUP11;2026-06-11;2026-08-13;WCR-OCN-M;54;24,75;Recebida
EC333;SUP11;2026-06-11;2026-08-13;WCR-PRP-M;56;24,75;Recebida
EC333;SUP11;2026-06-11;2026-08-13;WCR-RED-M;33;24,75;Recebida
EC333;SUP11;2026-06-11;2026-08-13;WCR-GRN-L;61;24,75;Recebida
EC333;SUP11;2026-06-11;2026-08-13;WCR-OLV-L;90;24,75;Recebida
EC333;SUP11;2026-06-11;2026-08-13;WCR-OCN-L;77;24,75;Recebida
EC333;SUP11;2026-06-11;2026-08-13;WCR-PRP-L;29;24,75;Recebida
EC333;SUP11;2026-06-11;2026-08-13;WCR-RED-L;66;24,75;Recebida
EC334;SUP11;2026-04-29;2026-07-01;WCR-GRN-S;41;24,75;Recebida
EC334;SUP11;2026-04-29;2026-07-01;WCR-OLV-S;56;24,75;Recebida
EC334;SUP11;2026-04-29;2026-07-01;WCR-OCN-S;34;24,75;Recebida
EC334;SUP11;2026-04-29;2026-07-01;WCR-PRP-S;39;24,75;Recebida
EC334;SUP11;2026-04-29;2026-07-01;WCR-RED-S;28;24,75;Recebida
EC334;SUP11;2026-04-29;2026-07-01;WCR-GRN-M;30;24,75;Recebida
EC334;SUP11;2026-04-29;2026-07-01;WCR-OLV-M;58;24,75;Recebida
EC334;SUP11;2026-04-29;2026-07-01;WCR-OCN-M;100;24,75;Recebida
EC334;SUP11;2026-04-29;2026-07-01;WCR-PRP-M;37;24,75;Recebida
EC334;SUP11;2026-04-29;2026-07-01;WCR-RED-M;79;24,75;Recebida
EC334;SUP11;2026-04-29;2026-07-01;WCR-GRN-L;37;24,75;Recebida
EC334;SUP11;2026-04-29;2026-07-01;WCR-OLV-L;83;24,75;Recebida
EC334;SUP11;2026-04-29;2026-07-01;WCR-OCN-L;60;24,75;Recebida
EC334;SUP11;2026-04-29;2026-07-01;WCR-PRP-L;54;24,75;Recebida
EC334;SUP11;2026-04-29;2026-07-01;WCR-RED-L;50;24,75;Recebida
EC335;SUP12;2026-05-29;2026-07-24;WTS-GRN-S;46;10,50;Recebida
EC335;SUP12;2026-05-29;2026-07-24;WTS-OLV-S;130;10,50;Recebida
EC335;SUP12;2026-05-29;2026-07-24;WTS-OCN-S;120;10,50;Recebida
EC335;SUP12;2026-05-29;2026-07-24;WTS-PRP-S;56;10,50;Recebida
EC335;SUP12;2026-05-29;2026-07-24;WTS-RED-S;101;10,50;Recebida
EC335;SUP12;2026-05-29;2026-07-24;WTS-GRN-M;141;10,50;Recebida
EC335;SUP12;2026-05-29;2026-07-24;WTS-OLV-M;214;10,50;Recebida
EC335;SUP12;2026-05-29;2026-07-24;WTS-OCN-M;116;10,50;Recebida
EC335;SUP12;2026-05-29;2026-07-24;WTS-PRP-M;92;10,50;Recebida
EC335;SUP12;2026-05-29;2026-07-24;WTS-RED-M;159;10,50;Recebida
EC335;SUP12;2026-05-29;2026-07-24;WTS-GRN-L;54;10,50;Recebida
EC335;SUP12;2026-05-29;2026-07-24;WTS-OLV-L;87;10,50;Recebida
EC335;SUP12;2026-05-29;2026-07-24;WTS-OCN-L;167;10,50;Recebida
EC335;SUP12;2026-05-29;2026-07-24;WTS-PRP-L;76;10,50;Recebida
EC335;SUP12;2026-05-29;2026-07-24;WTS-RED-L;70;10,50;Recebida
EC335;SUP12;2026-05-29;2026-07-24;WTS-GRN-XL;46;10,50;Recebida
EC335;SUP12;2026-05-29;2026-07-24;WTS-OLV-XL;38;10,50;Recebida
EC335;SUP12;2026-05-29;2026-07-24;WTS-OCN-XL;53;10,50;Recebida
EC335;SUP12;2026-05-29;2026-07-24;WTS-PRP-XL;41;10,50;Recebida
EC335;SUP12;2026-05-29;2026-07-24;WTS-RED-XL;46;10,50;Recebida
EC336;SUP12;2026-07-15;2026-09-09;WTS-GRN-S;91;10,50;Recebida
EC336;SUP12;2026-07-15;2026-09-09;WTS-OLV-S;87;10,50;Recebida
EC336;SUP12;2026-07-15;2026-09-09;WTS-OCN-S;94;10,50;Recebida
EC336;SUP12;2026-07-15;2026-09-09;WTS-PRP-S;81;10,50;Recebida
EC336;SUP12;2026-07-15;2026-09-09;WTS-RED-S;83;10,50;Recebida
EC336;SUP12;2026-07-15;2026-09-09;WTS-GRN-M;140;10,50;Recebida
EC336;SUP12;2026-07-15;2026-09-09;WTS-OLV-M;221;10,50;Recebida
EC336;SUP12;2026-07-15;2026-09-09;WTS-OCN-M;224;10,50;Recebida
EC336;SUP12;2026-07-15;2026-09-09;WTS-PRP-M;71;10,50;Recebida
EC336;SUP12;2026-07-15;2026-09-09;WTS-RED-M;66;10,50;Recebida
EC336;SUP12;2026-07-15;2026-09-09;WTS-GRN-L;104;10,50;Recebida
EC336;SUP12;2026-07-15;2026-09-09;WTS-OLV-L;127;10,50;Recebida
EC336;SUP12;2026-07-15;2026-09-09;WTS-OCN-L;84;10,50;Recebida
EC336;SUP12;2026-07-15;2026-09-09;WTS-PRP-L;59;10,50;Recebida
EC336;SUP12;2026-07-15;2026-09-09;WTS-RED-L;138;10,50;Recebida
EC336;SUP12;2026-07-15;2026-09-09;WTS-GRN-XL;27;10,50;Recebida
EC336;SUP12;2026-07-15;2026-09-09;WTS-OLV-XL;69;10,50;Recebida
EC336;SUP12;2026-07-15;2026-09-09;WTS-OCN-XL;87;10,50;Recebida
EC336;SUP12;2026-07-15;2026-09-09;WTS-PRP-XL;50;10,50;Recebida
EC336;SUP12;2026-07-15;2026-09-09;WTS-RED-XL;66;10,50;Recebida
EC337;SUP12;2025-11-29;2026-01-24;WTS-GRN-S;36;10,50;Recebida
EC337;SUP12;2025-11-29;2026-01-24;WTS-OLV-S;112;10,50;Recebida
EC337;SUP12;2025-11-29;2026-01-24;WTS-OCN-S;115;10,50;Recebida
EC337;SUP12;2025-11-29;2026-01-24;WTS-PRP-S;46;10,50;Recebida
EC337;SUP12;2025-11-29;2026-01-24;WTS-RED-S;52;10,50;Recebida
EC337;SUP12;2025-11-29;2026-01-24;WTS-GRN-M;131;10,50;Recebida
EC337;SUP12;2025-11-29;2026-01-24;WTS-OLV-M;198;10,50;Recebida
EC337;SUP12;2025-11-29;2026-01-24;WTS-OCN-M;206;10,50;Recebida
EC337;SUP12;2025-11-29;2026-01-24;WTS-PRP-M;79;10,50;Recebida
EC337;SUP12;2025-11-29;2026-01-24;WTS-RED-M;103;10,50;Recebida
EC337;SUP12;2025-11-29;2026-01-24;WTS-GRN-L;95;10,50;Recebida
EC337;SUP12;2025-11-29;2026-01-24;WTS-OLV-L;138;10,50;Recebida
EC337;SUP12;2025-11-29;2026-01-24;WTS-OCN-L;86;10,50;Recebida
EC337;SUP12;2025-11-29;2026-01-24;WTS-PRP-L;109;10,50;Recebida
EC337;SUP12;2025-11-29;2026-01-24;WTS-RED-L;90;10,50;Recebida
EC337;SUP12;2025-11-29;2026-01-24;WTS-GRN-XL;29;10,50;Recebida
EC337;SUP12;2025-11-29;2026-01-24;WTS-OLV-XL;52;10,50;Recebida
EC337;SUP12;2025-11-29;2026-01-24;WTS-OCN-XL;37;10,50;Recebida
EC337;SUP12;2025-11-29;2026-01-24;WTS-PRP-XL;57;10,50;Recebida
EC337;SUP12;2025-11-29;2026-01-24;WTS-RED-XL;32;10,50;Recebida
EC338;SUP06;2026-01-20;2026-03-31;CSN-GRN-4;15;51,60;Recebida
EC338;SUP06;2026-01-20;2026-03-31;CSN-OLV-4;22;51,60;Recebida
EC338;SUP06;2026-01-20;2026-03-31;CSN-OCN-4;14;51,60;Recebida
EC338;SUP06;2026-01-20;2026-03-31;CSN-PRP-4;8;51,60;Recebida
EC338;SUP06;2026-01-20;2026-03-31;CSN-RED-4;14;51,60;Recebida
EC338;SUP06;2026-01-20;2026-03-31;CSN-GRN-5;24;51,60;Recebida
EC338;SUP06;2026-01-20;2026-03-31;CSN-OLV-5;29;51,60;Recebida
EC338;SUP06;2026-01-20;2026-03-31;CSN-OCN-5;35;51,60;Recebida
EC338;SUP06;2026-01-20;2026-03-31;CSN-PRP-5;11;51,60;Recebida
EC338;SUP06;2026-01-20;2026-03-31;CSN-RED-5;10;51,60;Recebida
EC338;SUP06;2026-01-20;2026-03-31;CSN-GRN-6;22;51,60;Recebida
EC338;SUP06;2026-01-20;2026-03-31;CSN-OLV-6;23;51,60;Recebida
EC338;SUP06;2026-01-20;2026-03-31;CSN-OCN-6;25;51,60;Recebida
EC338;SUP06;2026-01-20;2026-03-31;CSN-PRP-6;10;51,60;Recebida
EC338;SUP06;2026-01-20;2026-03-31;CSN-RED-6;15;51,60;Recebida
EC338;SUP06;2026-01-20;2026-03-31;CSN-GRN-7;10;51,60;Recebida
EC338;SUP06;2026-01-20;2026-03-31;CSN-OLV-7;29;51,60;Recebida
EC338;SUP06;2026-01-20;2026-03-31;CSN-OCN-7;29;51,60;Recebida
EC338;SUP06;2026-01-20;2026-03-31;CSN-PRP-7;9;51,60;Recebida
EC338;SUP06;2026-01-20;2026-03-31;CSN-RED-7;23;51,60;Recebida
EC338;SUP06;2026-01-20;2026-03-31;CSN-GRN-8;15;51,60;Recebida
EC338;SUP06;2026-01-20;2026-03-31;CSN-OLV-8;22;51,60;Recebida
EC338;SUP06;2026-01-20;2026-03-31;CSN-OCN-8;14;51,60;Recebida
EC338;SUP06;2026-01-20;2026-03-31;CSN-PRP-8;12;51,60;Recebida
EC338;SUP06;2026-01-20;2026-03-31;CSN-RED-8;25;51,60;Recebida
EC338;SUP06;2026-01-20;2026-03-31;CSN-GRN-9;15;51,60;Recebida
EC338;SUP06;2026-01-20;2026-03-31;CSN-OLV-9;12;51,60;Recebida
EC338;SUP06;2026-01-20;2026-03-31;CSN-OCN-9;35;51,60;Recebida
EC338;SUP06;2026-01-20;2026-03-31;CSN-PRP-9;18;51,60;Recebida
EC338;SUP06;2026-01-20;2026-03-31;CSN-RED-9;19;51,60;Recebida
EC338;SUP06;2026-01-20;2026-03-31;CSN-GRN-10;11;51,60;Recebida
EC338;SUP06;2026-01-20;2026-03-31;CSN-OLV-10;33;51,60;Recebida
EC338;SUP06;2026-01-20;2026-03-31;CSN-OCN-10;27;51,60;Recebida
EC338;SUP06;2026-01-20;2026-03-31;CSN-PRP-10;8;51,60;Recebida
EC338;SUP06;2026-01-20;2026-03-31;CSN-RED-10;23;51,60;Recebida
EC338;SUP06;2026-01-20;2026-03-31;CSN-GRN-11;9;51,60;Recebida
EC338;SUP06;2026-01-20;2026-03-31;CSN-OLV-11;20;51,60;Recebida
EC338;SUP06;2026-01-20;2026-03-31;CSN-OCN-11;22;51,60;Recebida
EC338;SUP06;2026-01-20;2026-03-31;CSN-PRP-11;20;51,60;Recebida
EC338;SUP06;2026-01-20;2026-03-31;CSN-RED-11;18;51,60;Recebida
EC338;SUP06;2026-01-20;2026-03-31;CSN-GRN-12;10;51,60;Recebida
EC338;SUP06;2026-01-20;2026-03-31;CSN-OLV-12;28;51,60;Recebida
EC338;SUP06;2026-01-20;2026-03-31;CSN-OCN-12;22;51,60;Recebida
EC338;SUP06;2026-01-20;2026-03-31;CSN-PRP-12;7;51,60;Recebida
EC338;SUP06;2026-01-20;2026-03-31;CSN-RED-12;22;51,60;Recebida
EC339;SUP06;2025-11-30;2026-02-08;CSN-GRN-4;12;51,60;Recebida
EC339;SUP06;2025-11-30;2026-02-08;CSN-OLV-4;15;51,60;Recebida
EC339;SUP06;2025-11-30;2026-02-08;CSN-OCN-4;16;51,60;Recebida
EC339;SUP06;2025-11-30;2026-02-08;CSN-PRP-4;22;51,60;Recebida
EC339;SUP06;2025-11-30;2026-02-08;CSN-RED-4;16;51,60;Recebida
EC339;SUP06;2025-11-30;2026-02-08;CSN-GRN-5;16;51,60;Recebida
EC339;SUP06;2025-11-30;2026-02-08;CSN-OLV-5;27;51,60;Recebida
EC339;SUP06;2025-11-30;2026-02-08;CSN-OCN-5;30;51,60;Recebida
EC339;SUP06;2025-11-30;2026-02-08;CSN-PRP-5;20;51,60;Recebida
EC339;SUP06;2025-11-30;2026-02-08;CSN-RED-5;28;51,60;Recebida
EC339;SUP06;2025-11-30;2026-02-08;CSN-GRN-6;23;51,60;Recebida
EC339;SUP06;2025-11-30;2026-02-08;CSN-OLV-6;17;51,60;Recebida
EC339;SUP06;2025-11-30;2026-02-08;CSN-OCN-6;32;51,60;Recebida
EC339;SUP06;2025-11-30;2026-02-08;CSN-PRP-6;8;51,60;Recebida
EC339;SUP06;2025-11-30;2026-02-08;CSN-RED-6;27;51,60;Recebida
EC339;SUP06;2025-11-30;2026-02-08;CSN-GRN-7;11;51,60;Recebida
EC339;SUP06;2025-11-30;2026-02-08;CSN-OLV-7;16;51,60;Recebida
EC339;SUP06;2025-11-30;2026-02-08;CSN-OCN-7;23;51,60;Recebida
EC339;SUP06;2025-11-30;2026-02-08;CSN-PRP-7;17;51,60;Recebida
EC339;SUP06;2025-11-30;2026-02-08;CSN-RED-7;11;51,60;Recebida
EC339;SUP06;2025-11-30;2026-02-08;CSN-GRN-8;10;51,60;Recebida
EC339;SUP06;2025-11-30;2026-02-08;CSN-OLV-8;36;51,60;Recebida
EC339;SUP06;2025-11-30;2026-02-08;CSN-OCN-8;31;51,60;Recebida
EC339;SUP06;2025-11-30;2026-02-08;CSN-PRP-8;18;51,60;Recebida
EC339;SUP06;2025-11-30;2026-02-08;CSN-RED-8;15;51,60;Recebida
EC339;SUP06;2025-11-30;2026-02-08;CSN-GRN-9;15;51,60;Recebida
EC339;SUP06;2025-11-30;2026-02-08;CSN-OLV-9;14;51,60;Recebida
EC339;SUP06;2025-11-30;2026-02-08;CSN-OCN-9;30;51,60;Recebida
EC339;SUP06;2025-11-30;2026-02-08;CSN-PRP-9;15;51,60;Recebida
EC339;SUP06;2025-11-30;2026-02-08;CSN-RED-9;25;51,60;Recebida
EC339;SUP06;2025-11-30;2026-02-08;CSN-GRN-10;15;51,60;Recebida
EC339;SUP06;2025-11-30;2026-02-08;CSN-OLV-10;18;51,60;Recebida
EC339;SUP06;2025-11-30;2026-02-08;CSN-OCN-10;13;51,60;Recebida
EC339;SUP06;2025-11-30;2026-02-08;CSN-PRP-10;12;51,60;Recebida
EC339;SUP06;2025-11-30;2026-02-08;CSN-RED-10;27;51,60;Recebida
EC339;SUP06;2025-11-30;2026-02-08;CSN-GRN-11;23;51,60;Recebida
EC339;SUP06;2025-11-30;2026-02-08;CSN-OLV-11;23;51,60;Recebida
EC339;SUP06;2025-11-30;2026-02-08;CSN-OCN-11;14;51,60;Recebida
EC339;SUP06;2025-11-30;2026-02-08;CSN-PRP-11;11;51,60;Recebida
EC339;SUP06;2025-11-30;2026-02-08;CSN-RED-11;27;51,60;Recebida
EC339;SUP06;2025-11-30;2026-02-08;CSN-GRN-12;17;51,60;Recebida
EC339;SUP06;2025-11-30;2026-02-08;CSN-OLV-12;17;51,60;Recebida
EC339;SUP06;2025-11-30;2026-02-08;CSN-OCN-12;27;51,60;Recebida
EC339;SUP06;2025-11-30;2026-02-08;CSN-PRP-12;13;51,60;Recebida
EC339;SUP06;2025-11-30;2026-02-08;CSN-RED-12;25;51,60;Recebida
EC340;SUP06;2025-12-01;2026-02-09;CSN-GRN-4;20;51,60;Recebida
EC340;SUP06;2025-12-01;2026-02-09;CSN-OLV-4;30;51,60;Recebida
EC340;SUP06;2025-12-01;2026-02-09;CSN-OCN-4;19;51,60;Recebida
EC340;SUP06;2025-12-01;2026-02-09;CSN-PRP-4;15;51,60;Recebida
EC340;SUP06;2025-12-01;2026-02-09;CSN-RED-4;15;51,60;Recebida
EC340;SUP06;2025-12-01;2026-02-09;CSN-GRN-5;17;51,60;Recebida
EC340;SUP06;2025-12-01;2026-02-09;CSN-OLV-5;32;51,60;Recebida
EC340;SUP06;2025-12-01;2026-02-09;CSN-OCN-5;22;51,60;Recebida
EC340;SUP06;2025-12-01;2026-02-09;CSN-PRP-5;9;51,60;Recebida
EC340;SUP06;2025-12-01;2026-02-09;CSN-RED-5;25;51,60;Recebida
EC340;SUP06;2025-12-01;2026-02-09;CSN-GRN-6;12;51,60;Recebida
EC340;SUP06;2025-12-01;2026-02-09;CSN-OLV-6;18;51,60;Recebida
EC340;SUP06;2025-12-01;2026-02-09;CSN-OCN-6;27;51,60;Recebida
EC340;SUP06;2025-12-01;2026-02-09;CSN-PRP-6;16;51,60;Recebida
EC340;SUP06;2025-12-01;2026-02-09;CSN-RED-6;15;51,60;Recebida
EC340;SUP06;2025-12-01;2026-02-09;CSN-GRN-7;11;51,60;Recebida
EC340;SUP06;2025-12-01;2026-02-09;CSN-OLV-7;12;51,60;Recebida
EC340;SUP06;2025-12-01;2026-02-09;CSN-OCN-7;34;51,60;Recebida
EC340;SUP06;2025-12-01;2026-02-09;CSN-PRP-7;21;51,60;Recebida
EC340;SUP06;2025-12-01;2026-02-09;CSN-RED-7;25;51,60;Recebida
EC340;SUP06;2025-12-01;2026-02-09;CSN-GRN-8;24;51,60;Recebida
EC340;SUP06;2025-12-01;2026-02-09;CSN-OLV-8;35;51,60;Recebida
EC340;SUP06;2025-12-01;2026-02-09;CSN-OCN-8;30;51,60;Recebida
EC340;SUP06;2025-12-01;2026-02-09;CSN-PRP-8;9;51,60;Recebida
EC340;SUP06;2025-12-01;2026-02-09;CSN-RED-8;14;51,60;Recebida
EC340;SUP06;2025-12-01;2026-02-09;CSN-GRN-9;12;51,60;Recebida
EC340;SUP06;2025-12-01;2026-02-09;CSN-OLV-9;30;51,60;Recebida
EC340;SUP06;2025-12-01;2026-02-09;CSN-OCN-9;34;51,60;Recebida
EC340;SUP06;2025-12-01;2026-02-09;CSN-PRP-9;9;51,60;Recebida
EC340;SUP06;2025-12-01;2026-02-09;CSN-RED-9;21;51,60;Recebida
EC340;SUP06;2025-12-01;2026-02-09;CSN-GRN-10;9;51,60;Recebida
EC340;SUP06;2025-12-01;2026-02-09;CSN-OLV-10;27;51,60;Recebida
EC340;SUP06;2025-12-01;2026-02-09;CSN-OCN-10;34;51,60;Recebida
EC340;SUP06;2025-12-01;2026-02-09;CSN-PRP-10;19;51,60;Recebida
EC340;SUP06;2025-12-01;2026-02-09;CSN-RED-10;15;51,60;Recebida
EC340;SUP06;2025-12-01;2026-02-09;CSN-GRN-11;9;51,60;Recebida
EC340;SUP06;2025-12-01;2026-02-09;CSN-OLV-11;34;51,60;Recebida
EC340;SUP06;2025-12-01;2026-02-09;CSN-OCN-11;26;51,60;Recebida
EC340;SUP06;2025-12-01;2026-02-09;CSN-PRP-11;17;51,60;Recebida
EC340;SUP06;2025-12-01;2026-02-09;CSN-RED-11;14;51,60;Recebida
EC340;SUP06;2025-12-01;2026-02-09;CSN-GRN-12;21;51,60;Recebida
EC340;SUP06;2025-12-01;2026-02-09;CSN-OLV-12;22;51,60;Recebida
EC340;SUP06;2025-12-01;2026-02-09;CSN-OCN-12;12;51,60;Recebida
EC340;SUP06;2025-12-01;2026-02-09;CSN-PRP-12;13;51,60;Recebida
EC340;SUP06;2025-12-01;2026-02-09;CSN-RED-12;12;51,60;Recebida
EC341;SUP06;2025-12-02;2026-02-10;CSN-GRN-4;22;51,60;Recebida
EC341;SUP06;2025-12-02;2026-02-10;CSN-OLV-4;27;51,60;Recebida
EC341;SUP06;2025-12-02;2026-02-10;CSN-OCN-4;30;51,60;Recebida
EC341;SUP06;2025-12-02;2026-02-10;CSN-PRP-4;11;51,60;Recebida
EC341;SUP06;2025-12-02;2026-02-10;CSN-RED-4;11;51,60;Recebida
EC341;SUP06;2025-12-02;2026-02-10;CSN-GRN-5;21;51,60;Recebida
EC341;SUP06;2025-12-02;2026-02-10;CSN-OLV-5;23;51,60;Recebida
EC341;SUP06;2025-12-02;2026-02-10;CSN-OCN-5;18;51,60;Recebida
EC341;SUP06;2025-12-02;2026-02-10;CSN-PRP-5;18;51,60;Recebida
EC341;SUP06;2025-12-02;2026-02-10;CSN-RED-5;25;51,60;Recebida
EC341;SUP06;2025-12-02;2026-02-10;CSN-GRN-6;22;51,60;Recebida
EC341;SUP06;2025-12-02;2026-02-10;CSN-OLV-6;21;51,60;Recebida
EC341;SUP06;2025-12-02;2026-02-10;CSN-OCN-6;31;51,60;Recebida
EC341;SUP06;2025-12-02;2026-02-10;CSN-PRP-6;15;51,60;Recebida
EC341;SUP06;2025-12-02;2026-02-10;CSN-RED-6;16;51,60;Recebida
EC341;SUP06;2025-12-02;2026-02-10;CSN-GRN-7;20;51,60;Recebida
EC341;SUP06;2025-12-02;2026-02-10;CSN-OLV-7;33;51,60;Recebida
EC341;SUP06;2025-12-02;2026-02-10;CSN-OCN-7;23;51,60;Recebida
EC341;SUP06;2025-12-02;2026-02-10;CSN-PRP-7;18;51,60;Recebida
EC341;SUP06;2025-12-02;2026-02-10;CSN-RED-7;24;51,60;Recebida
EC341;SUP06;2025-12-02;2026-02-10;CSN-GRN-8;24;51,60;Recebida
EC341;SUP06;2025-12-02;2026-02-10;CSN-OLV-8;31;51,60;Recebida
EC341;SUP06;2025-12-02;2026-02-10;CSN-OCN-8;36;51,60;Recebida
EC341;SUP06;2025-12-02;2026-02-10;CSN-PRP-8;14;51,60;Recebida
EC341;SUP06;2025-12-02;2026-02-10;CSN-RED-8;17;51,60;Recebida
EC341;SUP06;2025-12-02;2026-02-10;CSN-GRN-9;9;51,60;Recebida
EC341;SUP06;2025-12-02;2026-02-10;CSN-OLV-9;14;51,60;Recebida
EC341;SUP06;2025-12-02;2026-02-10;CSN-OCN-9;12;51,60;Recebida
EC341;SUP06;2025-12-02;2026-02-10;CSN-PRP-9;8;51,60;Recebida
EC341;SUP06;2025-12-02;2026-02-10;CSN-RED-9;10;51,60;Recebida
EC341;SUP06;2025-12-02;2026-02-10;CSN-GRN-10;25;51,60;Recebida
EC341;SUP06;2025-12-02;2026-02-10;CSN-OLV-10;23;51,60;Recebida
EC341;SUP06;2025-12-02;2026-02-10;CSN-OCN-10;26;51,60;Recebida
EC341;SUP06;2025-12-02;2026-02-10;CSN-PRP-10;17;51,60;Recebida
EC341;SUP06;2025-12-02;2026-02-10;CSN-RED-10;16;51,60;Recebida
EC341;SUP06;2025-12-02;2026-02-10;CSN-GRN-11;24;51,60;Recebida
EC341;SUP06;2025-12-02;2026-02-10;CSN-OLV-11;35;51,60;Recebida
EC341;SUP06;2025-12-02;2026-02-10;CSN-OCN-11;35;51,60;Recebida
EC341;SUP06;2025-12-02;2026-02-10;CSN-PRP-11;18;51,60;Recebida
EC341;SUP06;2025-12-02;2026-02-10;CSN-RED-11;23;51,60;Recebida
EC341;SUP06;2025-12-02;2026-02-10;CSN-GRN-12;12;51,60;Recebida
EC341;SUP06;2025-12-02;2026-02-10;CSN-OLV-12;21;51,60;Recebida
EC341;SUP06;2025-12-02;2026-02-10;CSN-OCN-12;23;51,60;Recebida
EC341;SUP06;2025-12-02;2026-02-10;CSN-PRP-12;10;51,60;Recebida
EC341;SUP06;2025-12-02;2026-02-10;CSN-RED-12;23;51,60;Recebida
EC342;SUP14;2026-03-03;2026-04-14;FRO-GRN-OS;9;19,25;Recebida
EC342;SUP14;2026-03-03;2026-04-14;FRO-OLV-OS;12;19,25;Recebida
EC342;SUP14;2026-03-03;2026-04-14;FRO-OCN-OS;15;19,25;Recebida
EC342;SUP14;2026-03-03;2026-04-14;FRO-PRP-OS;13;19,25;Recebida
EC342;SUP14;2026-03-03;2026-04-14;FRO-RED-OS;9;19,25;Recebida
EC343;SUP14;2026-05-03;2026-06-14;FRO-GRN-OS;16;19,25;Recebida
EC343;SUP14;2026-05-03;2026-06-14;FRO-OLV-OS;25;19,25;Recebida
EC343;SUP14;2026-05-03;2026-06-14;FRO-OCN-OS;22;19,25;Recebida
EC343;SUP14;2026-05-03;2026-06-14;FRO-PRP-OS;9;19,25;Recebida
EC343;SUP14;2026-05-03;2026-06-14;FRO-RED-OS;9;19,25;Recebida
EC344;SUP15;2026-01-15;2026-02-12;HZI-GRN-S;16;28,90;Recebida
EC344;SUP15;2026-01-15;2026-02-12;HZI-OLV-S;30;28,90;Recebida
EC344;SUP15;2026-01-15;2026-02-12;HZI-OCN-S;18;28,90;Recebida
EC344;SUP15;2026-01-15;2026-02-12;HZI-PRP-S;20;28,90;Recebida
EC344;SUP15;2026-01-15;2026-02-12;HZI-RED-S;23;28,90;Recebida
EC344;SUP15;2026-01-15;2026-02-12;HZI-GRN-L;14;28,90;Recebida
EC344;SUP15;2026-01-15;2026-02-12;HZI-OLV-L;23;28,90;Recebida
EC344;SUP15;2026-01-15;2026-02-12;HZI-OCN-L;46;28,90;Recebida
EC344;SUP15;2026-01-15;2026-02-12;HZI-PRP-L;17;28,90;Recebida
EC344;SUP15;2026-01-15;2026-02-12;HZI-RED-L;16;28,90;Recebida
EC345;SUP15;2026-05-27;2026-06-24;HZI-GRN-S;20;28,90;Recebida
EC345;SUP15;2026-05-27;2026-06-24;HZI-OLV-S;33;28,90;Recebida
EC345;SUP15;2026-05-27;2026-06-24;HZI-OCN-S;17;28,90;Recebida
EC345;SUP15;2026-05-27;2026-06-24;HZI-PRP-S;14;28,90;Recebida
EC345;SUP15;2026-05-27;2026-06-24;HZI-RED-S;22;28,90;Recebida
EC345;SUP15;2026-05-27;2026-06-24;HZI-GRN-L;32;28,90;Recebida
EC345;SUP15;2026-05-27;2026-06-24;HZI-OLV-L;19;28,90;Recebida
EC345;SUP15;2026-05-27;2026-06-24;HZI-OCN-L;28;28,90;Recebida
EC345;SUP15;2026-05-27;2026-06-24;HZI-PRP-L;16;28,90;Recebida
EC345;SUP15;2026-05-27;2026-06-24;HZI-RED-L;28;28,90;Recebida
EC346;SUP16;2026-07-03;2026-09-11;LEG-GRN-S;27;17,70;Recebida
EC346;SUP16;2026-07-03;2026-09-11;LEG-OLV-S;28;17,70;Recebida
EC346;SUP16;2026-07-03;2026-09-11;LEG-OCN-S;22;17,70;Recebida
EC346;SUP16;2026-07-03;2026-09-11;LEG-PRP-S;10;17,70;Recebida
EC346;SUP16;2026-07-03;2026-09-11;LEG-RED-S;17;17,70;Recebida
EC346;SUP16;2026-07-03;2026-09-11;LEG-GRN-M;44;17,70;Recebida
EC346;SUP16;2026-07-03;2026-09-11;LEG-OLV-M;67;17,70;Recebida
EC346;SUP16;2026-07-03;2026-09-11;LEG-OCN-M;37;17,70;Recebida
EC346;SUP16;2026-07-03;2026-09-11;LEG-PRP-M;29;17,70;Recebida
EC346;SUP16;2026-07-03;2026-09-11;LEG-RED-M;19;17,70;Recebida
EC346;SUP16;2026-07-03;2026-09-11;LEG-GRN-L;31;17,70;Recebida
EC346;SUP16;2026-07-03;2026-09-11;LEG-OLV-L;39;17,70;Recebida
EC346;SUP16;2026-07-03;2026-09-11;LEG-OCN-L;49;17,70;Recebida
EC346;SUP16;2026-07-03;2026-09-11;LEG-PRP-L;23;17,70;Recebida
EC346;SUP16;2026-07-03;2026-09-11;LEG-RED-L;27;17,70;Recebida
EC347;SUP16;2025-11-30;2026-02-08;LEG-GRN-S;20;17,70;Recebida
EC347;SUP16;2025-11-30;2026-02-08;LEG-OLV-S;23;17,70;Recebida
EC347;SUP16;2025-11-30;2026-02-08;LEG-OCN-S;16;17,70;Recebida
EC347;SUP16;2025-11-30;2026-02-08;LEG-PRP-S;12;17,70;Recebida
EC347;SUP16;2025-11-30;2026-02-08;LEG-RED-S;23;17,70;Recebida
EC347;SUP16;2025-11-30;2026-02-08;LEG-GRN-M;20;17,70;Recebida
EC347;SUP16;2025-11-30;2026-02-08;LEG-OLV-M;54;17,70;Recebida
EC347;SUP16;2025-11-30;2026-02-08;LEG-OCN-M;70;17,70;Recebida
EC347;SUP16;2025-11-30;2026-02-08;LEG-PRP-M;41;17,70;Recebida
EC347;SUP16;2025-11-30;2026-02-08;LEG-RED-M;28;17,70;Recebida
EC347;SUP16;2025-11-30;2026-02-08;LEG-GRN-L;39;17,70;Recebida
EC347;SUP16;2025-11-30;2026-02-08;LEG-OLV-L;37;17,70;Recebida
EC347;SUP16;2025-11-30;2026-02-08;LEG-OCN-L;59;17,70;Recebida
EC347;SUP16;2025-11-30;2026-02-08;LEG-PRP-L;16;17,70;Recebida
EC347;SUP16;2025-11-30;2026-02-08;LEG-RED-L;21;17,70;Recebida
EC348;SUP16;2025-12-29;2026-03-09;LEG-GRN-S;24;17,70;Recebida
EC348;SUP16;2025-12-29;2026-03-09;LEG-OLV-S;33;17,70;Recebida
EC348;SUP16;2025-12-29;2026-03-09;LEG-OCN-S;28;17,70;Recebida
EC348;SUP16;2025-12-29;2026-03-09;LEG-PRP-S;20;17,70;Recebida
EC348;SUP16;2025-12-29;2026-03-09;LEG-RED-S;29;17,70;Recebida
EC348;SUP16;2025-12-29;2026-03-09;LEG-GRN-M;22;17,70;Recebida
EC348;SUP16;2025-12-29;2026-03-09;LEG-OLV-M;70;17,70;Recebida
EC348;SUP16;2025-12-29;2026-03-09;LEG-OCN-M;31;17,70;Recebida
EC348;SUP16;2025-12-29;2026-03-09;LEG-PRP-M;22;17,70;Recebida
EC348;SUP16;2025-12-29;2026-03-09;LEG-RED-M;33;17,70;Recebida
EC348;SUP16;2025-12-29;2026-03-09;LEG-GRN-L;29;17,70;Recebida
EC348;SUP16;2025-12-29;2026-03-09;LEG-OLV-L;56;17,70;Recebida
EC348;SUP16;2025-12-29;2026-03-09;LEG-OCN-L;25;17,70;Recebida
EC348;SUP16;2025-12-29;2026-03-09;LEG-PRP-L;29;17,70;Recebida
EC348;SUP16;2025-12-29;2026-03-09;LEG-RED-L;37;17,70;Recebida
EC349;SUP16;2026-05-07;2026-07-16;LEG-GRN-S;26;17,70;Recebida
EC349;SUP16;2026-05-07;2026-07-16;LEG-OLV-S;36;17,70;Recebida
EC349;SUP16;2026-05-07;2026-07-16;LEG-OCN-S;25;17,70;Recebida
EC349;SUP16;2026-05-07;2026-07-16;LEG-PRP-S;13;17,70;Recebida
EC349;SUP16;2026-05-07;2026-07-16;LEG-RED-S;25;17,70;Recebida
EC349;SUP16;2026-05-07;2026-07-16;LEG-GRN-M;20;17,70;Recebida
EC349;SUP16;2026-05-07;2026-07-16;LEG-OLV-M;54;17,70;Recebida
EC349;SUP16;2026-05-07;2026-07-16;LEG-OCN-M;43;17,70;Recebida
EC349;SUP16;2026-05-07;2026-07-16;LEG-PRP-M;32;17,70;Recebida
EC349;SUP16;2026-05-07;2026-07-16;LEG-RED-M;38;17,70;Recebida
EC349;SUP16;2026-05-07;2026-07-16;LEG-GRN-L;14;17,70;Recebida
EC349;SUP16;2026-05-07;2026-07-16;LEG-OLV-L;46;17,70;Recebida
EC349;SUP16;2026-05-07;2026-07-16;LEG-OCN-L;57;17,70;Recebida
EC349;SUP16;2026-05-07;2026-07-16;LEG-PRP-L;12;17,70;Recebida
EC349;SUP16;2026-05-07;2026-07-16;LEG-RED-L;33;17,70;Recebida
EC350;SUP17;2026-01-31;2026-04-04;LPU-GRN-S;11;71,82;Recebida
EC350;SUP17;2026-01-31;2026-04-04;LPU-OLV-S;24;71,82;Recebida
EC350;SUP17;2026-01-31;2026-04-04;LPU-OCN-S;12;71,82;Recebida
EC350;SUP17;2026-01-31;2026-04-04;LPU-PRP-S;10;71,82;Recebida
EC350;SUP17;2026-01-31;2026-04-04;LPU-RED-S;23;71,82;Recebida
EC350;SUP17;2026-01-31;2026-04-04;LPU-GRN-M;32;71,82;Recebida
EC350;SUP17;2026-01-31;2026-04-04;LPU-OLV-M;19;71,82;Recebida
EC350;SUP17;2026-01-31;2026-04-04;LPU-OCN-M;30;71,82;Recebida
EC350;SUP17;2026-01-31;2026-04-04;LPU-PRP-M;16;71,82;Recebida
EC350;SUP17;2026-01-31;2026-04-04;LPU-RED-M;33;71,82;Recebida
EC350;SUP17;2026-01-31;2026-04-04;LPU-GRN-L;21;71,82;Recebida
EC350;SUP17;2026-01-31;2026-04-04;LPU-OLV-L;30;71,82;Recebida
EC350;SUP17;2026-01-31;2026-04-04;LPU-OCN-L;21;71,82;Recebida
EC350;SUP17;2026-01-31;2026-04-04;LPU-PRP-L;17;71,82;Recebida
EC350;SUP17;2026-01-31;2026-04-04;LPU-RED-L;26;71,82;Recebida
EC351;SUP17;2026-08-08;2026-10-10;LPU-GRN-S;11;71,82;Aberta
EC351;SUP17;2026-08-08;2026-10-10;LPU-OLV-S;23;71,82;Aberta
EC351;SUP17;2026-08-08;2026-10-10;LPU-OCN-S;31;71,82;Aberta
EC351;SUP17;2026-08-08;2026-10-10;LPU-PRP-S;13;71,82;Aberta
EC351;SUP17;2026-08-08;2026-10-10;LPU-RED-S;12;71,82;Aberta
EC351;SUP17;2026-08-08;2026-10-10;LPU-GRN-M;25;71,82;Aberta
EC351;SUP17;2026-08-08;2026-10-10;LPU-OLV-M;50;71,82;Aberta
EC351;SUP17;2026-08-08;2026-10-10;LPU-OCN-M;22;71,82;Aberta
EC351;SUP17;2026-08-08;2026-10-10;LPU-PRP-M;27;71,82;Aberta
EC351;SUP17;2026-08-08;2026-10-10;LPU-RED-M;42;71,82;Aberta
EC351;SUP17;2026-08-08;2026-10-10;LPU-GRN-L;17;71,82;Aberta
EC351;SUP17;2026-08-08;2026-10-10;LPU-OLV-L;37;71,82;Aberta
EC351;SUP17;2026-08-08;2026-10-10;LPU-OCN-L;32;71,82;Aberta
EC351;SUP17;2026-08-08;2026-10-10;LPU-PRP-L;24;71,82;Aberta
EC351;SUP17;2026-08-08;2026-10-10;LPU-RED-L;36;71,82;Aberta
EC352;SUP17;2026-06-03;2026-08-05;LPU-GRN-S;17;71,82;Recebida
EC352;SUP17;2026-06-03;2026-08-05;LPU-OLV-S;23;71,82;Recebida
EC352;SUP17;2026-06-03;2026-08-05;LPU-OCN-S;17;71,82;Recebida
EC352;SUP17;2026-06-03;2026-08-05;LPU-PRP-S;19;71,82;Recebida
EC352;SUP17;2026-06-03;2026-08-05;LPU-RED-S;20;71,82;Recebida
EC352;SUP17;2026-06-03;2026-08-05;LPU-GRN-M;22;71,82;Recebida
EC352;SUP17;2026-06-03;2026-08-05;LPU-OLV-M;52;71,82;Recebida
EC352;SUP17;2026-06-03;2026-08-05;LPU-OCN-M;34;71,82;Recebida
EC352;SUP17;2026-06-03;2026-08-05;LPU-PRP-M;24;71,82;Recebida
EC352;SUP17;2026-06-03;2026-08-05;LPU-RED-M;39;71,82;Recebida
EC352;SUP17;2026-06-03;2026-08-05;LPU-GRN-L;23;71,82;Recebida
EC352;SUP17;2026-06-03;2026-08-05;LPU-OLV-L;16;71,82;Recebida
EC352;SUP17;2026-06-03;2026-08-05;LPU-OCN-L;40;71,82;Recebida
EC352;SUP17;2026-06-03;2026-08-05;LPU-PRP-L;17;71,82;Recebida
EC352;SUP17;2026-06-03;2026-08-05;LPU-RED-L;18;71,82;Recebida
EC353;SUP18;2026-02-07;2026-04-04;PUF-GRN-S;12;71,82;Recebida
EC353;SUP18;2026-02-07;2026-04-04;PUF-OLV-S;27;71,82;Recebida
EC353;SUP18;2026-02-07;2026-04-04;PUF-OCN-S;25;71,82;Recebida
EC353;SUP18;2026-02-07;2026-04-04;PUF-PRP-S;14;71,82;Recebida
EC353;SUP18;2026-02-07;2026-04-04;PUF-RED-S;16;71,82;Recebida
EC353;SUP18;2026-02-07;2026-04-04;PUF-GRN-M;15;71,82;Recebida
EC353;SUP18;2026-02-07;2026-04-04;PUF-OLV-M;19;71,82;Recebida
EC353;SUP18;2026-02-07;2026-04-04;PUF-OCN-M;21;71,82;Recebida
EC353;SUP18;2026-02-07;2026-04-04;PUF-PRP-M;29;71,82;Recebida
EC353;SUP18;2026-02-07;2026-04-04;PUF-RED-M;24;71,82;Recebida
EC353;SUP18;2026-02-07;2026-04-04;PUF-GRN-L;12;71,82;Recebida
EC353;SUP18;2026-02-07;2026-04-04;PUF-OLV-L;28;71,82;Recebida
EC353;SUP18;2026-02-07;2026-04-04;PUF-OCN-L;28;71,82;Recebida
EC353;SUP18;2026-02-07;2026-04-04;PUF-PRP-L;11;71,82;Recebida
EC353;SUP18;2026-02-07;2026-04-04;PUF-RED-L;35;71,82;Recebida
EC354;SUP18;2026-05-27;2026-07-22;PUF-GRN-S;14;71,82;Recebida
EC354;SUP18;2026-05-27;2026-07-22;PUF-OLV-S;20;71,82;Recebida
EC354;SUP18;2026-05-27;2026-07-22;PUF-OCN-S;25;71,82;Recebida
EC354;SUP18;2026-05-27;2026-07-22;PUF-PRP-S;12;71,82;Recebida
EC354;SUP18;2026-05-27;2026-07-22;PUF-RED-S;17;71,82;Recebida
EC354;SUP18;2026-05-27;2026-07-22;PUF-GRN-M;15;71,82;Recebida
EC354;SUP18;2026-05-27;2026-07-22;PUF-OLV-M;50;71,82;Recebida
EC354;SUP18;2026-05-27;2026-07-22;PUF-OCN-M;48;71,82;Recebida
EC354;SUP18;2026-05-27;2026-07-22;PUF-PRP-M;17;71,82;Recebida
EC354;SUP18;2026-05-27;2026-07-22;PUF-RED-M;31;71,82;Recebida
EC354;SUP18;2026-05-27;2026-07-22;PUF-GRN-L;16;71,82;Recebida
EC354;SUP18;2026-05-27;2026-07-22;PUF-OLV-L;31;71,82;Recebida
EC354;SUP18;2026-05-27;2026-07-22;PUF-OCN-L;28;71,82;Recebida
EC354;SUP18;2026-05-27;2026-07-22;PUF-PRP-L;24;71,82;Recebida
EC354;SUP18;2026-05-27;2026-07-22;PUF-RED-L;28;71,82;Recebida
EC355;SUP01;2025-12-18;2026-02-12;PJA-GRN-S;21;71,82;Recebida
EC355;SUP01;2025-12-18;2026-02-12;PJA-OLV-S;32;71,82;Recebida
EC355;SUP01;2025-12-18;2026-02-12;PJA-OCN-S;24;71,82;Recebida
EC355;SUP01;2025-12-18;2026-02-12;PJA-PRP-S;15;71,82;Recebida
EC355;SUP01;2025-12-18;2026-02-12;PJA-RED-S;13;71,82;Recebida
EC355;SUP01;2025-12-18;2026-02-12;PJA-GRN-M;34;71,82;Recebida
EC355;SUP01;2025-12-18;2026-02-12;PJA-OLV-M;38;71,82;Recebida
EC355;SUP01;2025-12-18;2026-02-12;PJA-OCN-M;32;71,82;Recebida
EC355;SUP01;2025-12-18;2026-02-12;PJA-PRP-M;15;71,82;Recebida
EC355;SUP01;2025-12-18;2026-02-12;PJA-RED-M;21;71,82;Recebida
EC355;SUP01;2025-12-18;2026-02-12;PJA-GRN-L;12;71,82;Recebida
EC355;SUP01;2025-12-18;2026-02-12;PJA-OLV-L;32;71,82;Recebida
EC355;SUP01;2025-12-18;2026-02-12;PJA-OCN-L;36;71,82;Recebida
EC355;SUP01;2025-12-18;2026-02-12;PJA-PRP-L;14;71,82;Recebida
EC355;SUP01;2025-12-18;2026-02-12;PJA-RED-L;17;71,82;Recebida
EC356;SUP01;2026-07-16;2026-09-10;PJA-GRN-S;17;71,82;Recebida
EC356;SUP01;2026-07-16;2026-09-10;PJA-OLV-S;23;71,82;Recebida
EC356;SUP01;2026-07-16;2026-09-10;PJA-OCN-S;14;71,82;Recebida
EC356;SUP01;2026-07-16;2026-09-10;PJA-PRP-S;13;71,82;Recebida
EC356;SUP01;2026-07-16;2026-09-10;PJA-RED-S;27;71,82;Recebida
EC356;SUP01;2026-07-16;2026-09-10;PJA-GRN-M;35;71,82;Recebida
EC356;SUP01;2026-07-16;2026-09-10;PJA-OLV-M;41;71,82;Recebida
EC356;SUP01;2026-07-16;2026-09-10;PJA-OCN-M;48;71,82;Recebida
EC356;SUP01;2026-07-16;2026-09-10;PJA-PRP-M;12;71,82;Recebida
EC356;SUP01;2026-07-16;2026-09-10;PJA-RED-M;27;71,82;Recebida
EC356;SUP01;2026-07-16;2026-09-10;PJA-GRN-L;20;71,82;Recebida
EC356;SUP01;2026-07-16;2026-09-10;PJA-OLV-L;17;71,82;Recebida
EC356;SUP01;2026-07-16;2026-09-10;PJA-OCN-L;37;71,82;Recebida
EC356;SUP01;2026-07-16;2026-09-10;PJA-PRP-L;11;71,82;Recebida
EC356;SUP01;2026-07-16;2026-09-10;PJA-RED-L;22;71,82;Recebida
EC357;SUP02;2026-03-26;2026-05-21;SHO-GRN-S;28;14,70;Recebida
EC357;SUP02;2026-03-26;2026-05-21;SHO-OLV-S;35;14,70;Recebida
EC357;SUP02;2026-03-26;2026-05-21;SHO-OCN-S;36;14,70;Recebida
EC357;SUP02;2026-03-26;2026-05-21;SHO-PRP-S;21;14,70;Recebida
EC357;SUP02;2026-03-26;2026-05-21;SHO-RED-S;17;14,70;Recebida
EC357;SUP02;2026-03-26;2026-05-21;SHO-GRN-M;35;14,70;Recebida
EC357;SUP02;2026-03-26;2026-05-21;SHO-OLV-M;41;14,70;Recebida
EC357;SUP02;2026-03-26;2026-05-21;SHO-OCN-M;67;14,70;Recebida
EC357;SUP02;2026-03-26;2026-05-21;SHO-PRP-M;39;14,70;Recebida
EC357;SUP02;2026-03-26;2026-05-21;SHO-RED-M;39;14,70;Recebida
EC357;SUP02;2026-03-26;2026-05-21;SHO-GRN-L;33;14,70;Recebida
EC357;SUP02;2026-03-26;2026-05-21;SHO-OLV-L;21;14,70;Recebida
EC357;SUP02;2026-03-26;2026-05-21;SHO-OCN-L;57;14,70;Recebida
EC357;SUP02;2026-03-26;2026-05-21;SHO-PRP-L;31;14,70;Recebida
EC357;SUP02;2026-03-26;2026-05-21;SHO-RED-L;46;14,70;Recebida
EC358;SUP02;2026-02-22;2026-04-19;SHO-GRN-S;29;14,70;Recebida
EC358;SUP02;2026-02-22;2026-04-19;SHO-OLV-S;25;14,70;Recebida
EC358;SUP02;2026-02-22;2026-04-19;SHO-OCN-S;39;14,70;Recebida
EC358;SUP02;2026-02-22;2026-04-19;SHO-PRP-S;15;14,70;Recebida
EC358;SUP02;2026-02-22;2026-04-19;SHO-RED-S;22;14,70;Recebida
EC358;SUP02;2026-02-22;2026-04-19;SHO-GRN-M;49;14,70;Recebida
EC358;SUP02;2026-02-22;2026-04-19;SHO-OLV-M;26;14,70;Recebida
EC358;SUP02;2026-02-22;2026-04-19;SHO-OCN-M;70;14,70;Recebida
EC358;SUP02;2026-02-22;2026-04-19;SHO-PRP-M;32;14,70;Recebida
EC358;SUP02;2026-02-22;2026-04-19;SHO-RED-M;24;14,70;Recebida
EC358;SUP02;2026-02-22;2026-04-19;SHO-GRN-L;30;14,70;Recebida
EC358;SUP02;2026-02-22;2026-04-19;SHO-OLV-L;27;14,70;Recebida
EC358;SUP02;2026-02-22;2026-04-19;SHO-OCN-L;26;14,70;Recebida
EC358;SUP02;2026-02-22;2026-04-19;SHO-PRP-L;16;14,70;Recebida
EC358;SUP02;2026-02-22;2026-04-19;SHO-RED-L;25;14,70;Recebida
EC359;SUP02;2026-08-16;2026-10-11;SHO-GRN-S;13;14,70;Aberta
EC359;SUP02;2026-08-16;2026-10-11;SHO-OLV-S;38;14,70;Aberta
EC359;SUP02;2026-08-16;2026-10-11;SHO-OCN-S;38;14,70;Aberta
EC359;SUP02;2026-08-16;2026-10-11;SHO-PRP-S;14;14,70;Aberta
EC359;SUP02;2026-08-16;2026-10-11;SHO-RED-S;18;14,70;Aberta
EC359;SUP02;2026-08-16;2026-10-11;SHO-GRN-M;30;14,70;Aberta
EC359;SUP02;2026-08-16;2026-10-11;SHO-OLV-M;53;14,70;Aberta
EC359;SUP02;2026-08-16;2026-10-11;SHO-OCN-M;68;14,70;Aberta
EC359;SUP02;2026-08-16;2026-10-11;SHO-PRP-M;22;14,70;Aberta
EC359;SUP02;2026-08-16;2026-10-11;SHO-RED-M;50;14,70;Aberta
EC359;SUP02;2026-08-16;2026-10-11;SHO-GRN-L;16;14,70;Aberta
EC359;SUP02;2026-08-16;2026-10-11;SHO-OLV-L;30;14,70;Aberta
EC359;SUP02;2026-08-16;2026-10-11;SHO-OCN-L;43;14,70;Aberta
EC359;SUP02;2026-08-16;2026-10-11;SHO-PRP-L;18;14,70;Aberta
EC359;SUP02;2026-08-16;2026-10-11;SHO-RED-L;35;14,70;Aberta
EC360;SUP02;2026-01-08;2026-03-05;SHO-GRN-S;16;14,70;Recebida
EC360;SUP02;2026-01-08;2026-03-05;SHO-OLV-S;15;14,70;Recebida
EC360;SUP02;2026-01-08;2026-03-05;SHO-OCN-S;19;14,70;Recebida
EC360;SUP02;2026-01-08;2026-03-05;SHO-PRP-S;9;14,70;Recebida
EC360;SUP02;2026-01-08;2026-03-05;SHO-RED-S;24;14,70;Recebida
EC360;SUP02;2026-01-08;2026-03-05;SHO-GRN-M;22;14,70;Recebida
EC360;SUP02;2026-01-08;2026-03-05;SHO-OLV-M;28;14,70;Recebida
EC360;SUP02;2026-01-08;2026-03-05;SHO-OCN-M;36;14,70;Recebida
EC360;SUP02;2026-01-08;2026-03-05;SHO-PRP-M;38;14,70;Recebida
EC360;SUP02;2026-01-08;2026-03-05;SHO-RED-M;32;14,70;Recebida
EC360;SUP02;2026-01-08;2026-03-05;SHO-GRN-L;24;14,70;Recebida
EC360;SUP02;2026-01-08;2026-03-05;SHO-OLV-L;50;14,70;Recebida
EC360;SUP02;2026-01-08;2026-03-05;SHO-OCN-L;47;14,70;Recebida
EC360;SUP02;2026-01-08;2026-03-05;SHO-PRP-L;26;14,70;Recebida
EC360;SUP02;2026-01-08;2026-03-05;SHO-RED-L;38;14,70;Recebida
EC361;SUP03;2026-08-09;2026-09-27;WSH-GRN-S;15;14,40;Recebida
EC361;SUP03;2026-08-09;2026-09-27;WSH-OLV-S;20;14,40;Recebida
EC361;SUP03;2026-08-09;2026-09-27;WSH-OCN-S;43;14,40;Recebida
EC361;SUP03;2026-08-09;2026-09-27;WSH-PRP-S;22;14,40;Recebida
EC361;SUP03;2026-08-09;2026-09-27;WSH-RED-S;19;14,40;Recebida
EC361;SUP03;2026-08-09;2026-09-27;WSH-GRN-M;35;14,40;Recebida
EC361;SUP03;2026-08-09;2026-09-27;WSH-OLV-M;57;14,40;Recebida
EC361;SUP03;2026-08-09;2026-09-27;WSH-OCN-M;49;14,40;Recebida
EC361;SUP03;2026-08-09;2026-09-27;WSH-PRP-M;40;14,40;Recebida
EC361;SUP03;2026-08-09;2026-09-27;WSH-RED-M;55;14,40;Recebida
EC361;SUP03;2026-08-09;2026-09-27;WSH-GRN-L;19;14,40;Recebida
EC361;SUP03;2026-08-09;2026-09-27;WSH-OLV-L;57;14,40;Recebida
EC361;SUP03;2026-08-09;2026-09-27;WSH-OCN-L;24;14,40;Recebida
EC361;SUP03;2026-08-09;2026-09-27;WSH-PRP-L;21;14,40;Recebida
EC361;SUP03;2026-08-09;2026-09-27;WSH-RED-L;23;14,40;Recebida
EC362;SUP03;2026-01-03;2026-02-21;WSH-GRN-S;25;14,40;Recebida
EC362;SUP03;2026-01-03;2026-02-21;WSH-OLV-S;26;14,40;Recebida
EC362;SUP03;2026-01-03;2026-02-21;WSH-OCN-S;45;14,40;Recebida
EC362;SUP03;2026-01-03;2026-02-21;WSH-PRP-S;23;14,40;Recebida
EC362;SUP03;2026-01-03;2026-02-21;WSH-RED-S;17;14,40;Recebida
EC362;SUP03;2026-01-03;2026-02-21;WSH-GRN-M;31;14,40;Recebida
EC362;SUP03;2026-01-03;2026-02-21;WSH-OLV-M;72;14,40;Recebida
EC362;SUP03;2026-01-03;2026-02-21;WSH-OCN-M;77;14,40;Recebida
EC362;SUP03;2026-01-03;2026-02-21;WSH-PRP-M;25;14,40;Recebida
EC362;SUP03;2026-01-03;2026-02-21;WSH-RED-M;51;14,40;Recebida
EC362;SUP03;2026-01-03;2026-02-21;WSH-GRN-L;23;14,40;Recebida
EC362;SUP03;2026-01-03;2026-02-21;WSH-OLV-L;61;14,40;Recebida
EC362;SUP03;2026-01-03;2026-02-21;WSH-OCN-L;46;14,40;Recebida
EC362;SUP03;2026-01-03;2026-02-21;WSH-PRP-L;34;14,40;Recebida
EC362;SUP03;2026-01-03;2026-02-21;WSH-RED-L;30;14,40;Recebida
EC363;SUP03;2026-02-11;2026-04-01;WSH-GRN-S;24;14,40;Recebida
EC363;SUP03;2026-02-11;2026-04-01;WSH-OLV-S;39;14,40;Recebida
EC363;SUP03;2026-02-11;2026-04-01;WSH-OCN-S;28;14,40;Recebida
EC363;SUP03;2026-02-11;2026-04-01;WSH-PRP-S;25;14,40;Recebida
EC363;SUP03;2026-02-11;2026-04-01;WSH-RED-S;22;14,40;Recebida
EC363;SUP03;2026-02-11;2026-04-01;WSH-GRN-M;54;14,40;Recebida
EC363;SUP03;2026-02-11;2026-04-01;WSH-OLV-M;59;14,40;Recebida
EC363;SUP03;2026-02-11;2026-04-01;WSH-OCN-M;42;14,40;Recebida
EC363;SUP03;2026-02-11;2026-04-01;WSH-PRP-M;17;14,40;Recebida
EC363;SUP03;2026-02-11;2026-04-01;WSH-RED-M;41;14,40;Recebida
EC363;SUP03;2026-02-11;2026-04-01;WSH-GRN-L;38;14,40;Recebida
EC363;SUP03;2026-02-11;2026-04-01;WSH-OLV-L;43;14,40;Recebida
EC363;SUP03;2026-02-11;2026-04-01;WSH-OCN-L;56;14,40;Recebida
EC363;SUP03;2026-02-11;2026-04-01;WSH-PRP-L;32;14,40;Recebida
EC363;SUP03;2026-02-11;2026-04-01;WSH-RED-L;31;14,40;Recebida
EC364;SUP03;2025-10-12;2025-11-30;WSH-GRN-S;16;14,40;Recebida
EC364;SUP03;2025-10-12;2025-11-30;WSH-OLV-S;39;14,40;Recebida
EC364;SUP03;2025-10-12;2025-11-30;WSH-OCN-S;34;14,40;Recebida
EC364;SUP03;2025-10-12;2025-11-30;WSH-PRP-S;23;14,40;Recebida
EC364;SUP03;2025-10-12;2025-11-30;WSH-RED-S;24;14,40;Recebida
EC364;SUP03;2025-10-12;2025-11-30;WSH-GRN-M;34;14,40;Recebida
EC364;SUP03;2025-10-12;2025-11-30;WSH-OLV-M;39;14,40;Recebida
EC364;SUP03;2025-10-12;2025-11-30;WSH-OCN-M;45;14,40;Recebida
EC364;SUP03;2025-10-12;2025-11-30;WSH-PRP-M;35;14,40;Recebida
EC364;SUP03;2025-10-12;2025-11-30;WSH-RED-M;53;14,40;Recebida
EC364;SUP03;2025-10-12;2025-11-30;WSH-GRN-L;41;14,40;Recebida
EC364;SUP03;2025-10-12;2025-11-30;WSH-OLV-L;37;14,40;Recebida
EC364;SUP03;2025-10-12;2025-11-30;WSH-OCN-L;40;14,40;Recebida
EC364;SUP03;2025-10-12;2025-11-30;WSH-PRP-L;21;14,40;Recebida
EC364;SUP03;2025-10-12;2025-11-30;WSH-RED-L;18;14,40;Recebida
EC365;SUP04;2025-12-06;2026-01-31;BSU-BLK-OS;22;20,70;Recebida
EC366;SUP04;2025-11-16;2026-01-11;BSU-BLK-OS;31;20,70;Recebida
EC367;SUP04;2026-03-09;2026-05-04;BSU-BLK-OS;30;20,70;Recebida
EC368;SUP06;2026-01-25;2026-04-05;WLS-BLK-4;20;51,60;Recebida
EC368;SUP06;2026-01-25;2026-04-05;WLS-BLK-5;24;51,60;Recebida
EC368;SUP06;2026-01-25;2026-04-05;WLS-BLK-6;24;51,60;Recebida
EC368;SUP06;2026-01-25;2026-04-05;WLS-BLK-7;29;51,60;Recebida
EC368;SUP06;2026-01-25;2026-04-05;WLS-BLK-8;25;51,60;Recebida
EC369;SUP06;2025-12-09;2026-02-17;WLS-BLK-4;18;51,60;Recebida
EC369;SUP06;2025-12-09;2026-02-17;WLS-BLK-5;22;51,60;Recebida
EC369;SUP06;2025-12-09;2026-02-17;WLS-BLK-6;31;51,60;Recebida
EC369;SUP06;2025-12-09;2026-02-17;WLS-BLK-7;29;51,60;Recebida
EC369;SUP06;2025-12-09;2026-02-17;WLS-BLK-8;23;51,60;Recebida
EC370;SUP06;2026-01-17;2026-03-28;GLS-BLK-4;19;51,60;Recebida
EC370;SUP06;2026-01-17;2026-03-28;GLS-BLK-5;23;51,60;Recebida
EC370;SUP06;2026-01-17;2026-03-28;GLS-BLK-6;32;51,60;Recebida
EC370;SUP06;2026-01-17;2026-03-28;GLS-BLK-7;21;51,60;Recebida
EC370;SUP06;2026-01-17;2026-03-28;GLS-BLK-8;14;51,60;Recebida
EC370;SUP06;2026-01-17;2026-03-28;GLS-BLK-9;29;51,60;Recebida
EC370;SUP06;2026-01-17;2026-03-28;GLS-BLK-10;31;51,60;Recebida
EC370;SUP06;2026-01-17;2026-03-28;GLS-BLK-11;20;51,60;Recebida
EC370;SUP06;2026-01-17;2026-03-28;GLS-BLK-12;13;51,60;Recebida
EC371;SUP06;2026-04-20;2026-06-29;GLS-BLK-4;16;51,60;Recebida
EC371;SUP06;2026-04-20;2026-06-29;GLS-BLK-5;12;51,60;Recebida
EC371;SUP06;2026-04-20;2026-06-29;GLS-BLK-6;31;51,60;Recebida
EC371;SUP06;2026-04-20;2026-06-29;GLS-BLK-7;13;51,60;Recebida
EC371;SUP06;2026-04-20;2026-06-29;GLS-BLK-8;23;51,60;Recebida
EC371;SUP06;2026-04-20;2026-06-29;GLS-BLK-9;24;51,60;Recebida
EC371;SUP06;2026-04-20;2026-06-29;GLS-BLK-10;23;51,60;Recebida
EC371;SUP06;2026-04-20;2026-06-29;GLS-BLK-11;30;51,60;Recebida
EC371;SUP06;2026-04-20;2026-06-29;GLS-BLK-12;30;51,60;Recebida
EC372;SUP06;2026-06-13;2026-08-22;GRU-BLK-4;18;55,60;Recebida
EC372;SUP06;2026-06-13;2026-08-22;GRU-BLK-5;11;55,60;Recebida
EC372;SUP06;2026-06-13;2026-08-22;GRU-BLK-6;23;55,60;Recebida
EC372;SUP06;2026-06-13;2026-08-22;GRU-BLK-7;24;55,60;Recebida
EC372;SUP06;2026-06-13;2026-08-22;GRU-BLK-8;19;55,60;Recebida
EC372;SUP06;2026-06-13;2026-08-22;GRU-BLK-9;15;55,60;Recebida
EC372;SUP06;2026-06-13;2026-08-22;GRU-BLK-10;12;55,60;Recebida
EC372;SUP06;2026-06-13;2026-08-22;GRU-BLK-11;22;55,60;Recebida
EC372;SUP06;2026-06-13;2026-08-22;GRU-BLK-12;9;55,60;Recebida
EC372;SUP06;2026-06-13;2026-08-22;GRU-BLK-13;21;55,60;Recebida
EC372;SUP06;2026-06-13;2026-08-22;GRU-BLK-14;27;55,60;Recebida
EC373;SUP06;2025-10-11;2025-12-20;GRU-BLK-4;25;55,60;Recebida
EC373;SUP06;2025-10-11;2025-12-20;GRU-BLK-5;11;55,60;Recebida
EC373;SUP06;2025-10-11;2025-12-20;GRU-BLK-6;16;55,60;Recebida
EC373;SUP06;2025-10-11;2025-12-20;GRU-BLK-7;11;55,60;Recebida
EC373;SUP06;2025-10-11;2025-12-20;GRU-BLK-8;19;55,60;Recebida
EC373;SUP06;2025-10-11;2025-12-20;GRU-BLK-9;10;55,60;Recebida
EC373;SUP06;2025-10-11;2025-12-20;GRU-BLK-10;25;55,60;Recebida
EC373;SUP06;2025-10-11;2025-12-20;GRU-BLK-11;26;55,60;Recebida
EC373;SUP06;2025-10-11;2025-12-20;GRU-BLK-12;9;55,60;Recebida
EC373;SUP06;2025-10-11;2025-12-20;GRU-BLK-13;19;55,60;Recebida
EC373;SUP06;2025-10-11;2025-12-20;GRU-BLK-14;13;55,60;Recebida
EC374;SUP06;2025-10-15;2025-12-24;GRU-BLK-4;12;55,60;Recebida
EC374;SUP06;2025-10-15;2025-12-24;GRU-BLK-5;18;55,60;Recebida
EC374;SUP06;2025-10-15;2025-12-24;GRU-BLK-6;23;55,60;Recebida
EC374;SUP06;2025-10-15;2025-12-24;GRU-BLK-7;20;55,60;Recebida
EC374;SUP06;2025-10-15;2025-12-24;GRU-BLK-8;10;55,60;Recebida
EC374;SUP06;2025-10-15;2025-12-24;GRU-BLK-9;15;55,60;Recebida
EC374;SUP06;2025-10-15;2025-12-24;GRU-BLK-10;13;55,60;Recebida
EC374;SUP06;2025-10-15;2025-12-24;GRU-BLK-11;22;55,60;Recebida
EC374;SUP06;2025-10-15;2025-12-24;GRU-BLK-12;17;55,60;Recebida
EC374;SUP06;2025-10-15;2025-12-24;GRU-BLK-13;14;55,60;Recebida
EC374;SUP06;2025-10-15;2025-12-24;GRU-BLK-14;18;55,60;Recebida
EC375;SUP06;2026-03-12;2026-05-21;GRU-BLK-4;9;55,60;Recebida
EC375;SUP06;2026-03-12;2026-05-21;GRU-BLK-5;17;55,60;Recebida
EC375;SUP06;2026-03-12;2026-05-21;GRU-BLK-6;11;55,60;Recebida
EC375;SUP06;2026-03-12;2026-05-21;GRU-BLK-7;25;55,60;Recebida
EC375;SUP06;2026-03-12;2026-05-21;GRU-BLK-8;18;55,60;Recebida
EC375;SUP06;2026-03-12;2026-05-21;GRU-BLK-9;10;55,60;Recebida
EC375;SUP06;2026-03-12;2026-05-21;GRU-BLK-10;27;55,60;Recebida
EC375;SUP06;2026-03-12;2026-05-21;GRU-BLK-11;11;55,60;Recebida
EC375;SUP06;2026-03-12;2026-05-21;GRU-BLK-12;11;55,60;Recebida
EC375;SUP06;2026-03-12;2026-05-21;GRU-BLK-13;25;55,60;Recebida
EC375;SUP06;2026-03-12;2026-05-21;GRU-BLK-14;10;55,60;Recebida
EC376;SUP08;2026-02-20;2026-04-24;CSU-BLK-OS;11;20,70;Recebida
EC377;SUP08;2026-07-24;2026-09-25;CSU-BLK-OS;13;20,70;Recebida
EC378;SUP08;2026-01-31;2026-04-04;CSU-BLK-OS;24;20,70;Recebida
EC379;SUP06;2026-04-25;2026-07-04;HTS-BLK-6;28;51,60;Recebida
EC379;SUP06;2026-04-25;2026-07-04;HTS-BLK-7;21;51,60;Recebida
EC379;SUP06;2026-04-25;2026-07-04;HTS-BLK-8;29;51,60;Recebida
EC379;SUP06;2026-04-25;2026-07-04;HTS-BLK-9;16;51,60;Recebida
EC379;SUP06;2026-04-25;2026-07-04;HTS-BLK-10;27;51,60;Recebida
EC380;SUP06;2026-04-02;2026-06-11;HTS-BLK-6;18;51,60;Recebida
EC380;SUP06;2026-04-02;2026-06-11;HTS-BLK-7;30;51,60;Recebida
EC380;SUP06;2026-04-02;2026-06-11;HTS-BLK-8;20;51,60;Recebida
EC380;SUP06;2026-04-02;2026-06-11;HTS-BLK-9;28;51,60;Recebida
EC380;SUP06;2026-04-02;2026-06-11;HTS-BLK-10;29;51,60;Recebida
EC381;SUP06;2026-05-09;2026-07-18;HTS-BLK-6;19;51,60;Recebida
EC381;SUP06;2026-05-09;2026-07-18;HTS-BLK-7;26;51,60;Recebida
EC381;SUP06;2026-05-09;2026-07-18;HTS-BLK-8;28;51,60;Recebida
EC381;SUP06;2026-05-09;2026-07-18;HTS-BLK-9;31;51,60;Recebida
EC381;SUP06;2026-05-09;2026-07-18;HTS-BLK-10;14;51,60;Recebida
EC382;SUP06;2026-03-16;2026-05-25;HTS-BLK-6;13;51,60;Recebida
EC382;SUP06;2026-03-16;2026-05-25;HTS-BLK-7;16;51,60;Recebida
EC382;SUP06;2026-03-16;2026-05-25;HTS-BLK-8;31;51,60;Recebida
EC382;SUP06;2026-03-16;2026-05-25;HTS-BLK-9;12;51,60;Recebida
EC382;SUP06;2026-03-16;2026-05-25;HTS-BLK-10;15;51,60;Recebida
EC383;SUP10;2026-03-29;2026-05-24;BEA-GRN-OS;16;8,70;Recebida
EC383;SUP10;2026-03-29;2026-05-24;BEA-OLV-OS;39;8,70;Recebida
EC383;SUP10;2026-03-29;2026-05-24;BEA-OCN-OS;40;8,70;Recebida
EC383;SUP10;2026-03-29;2026-05-24;BEA-PRP-OS;16;8,70;Recebida
EC383;SUP10;2026-03-29;2026-05-24;BEA-RED-OS;36;8,70;Recebida
EC384;SUP10;2026-07-25;2026-09-19;BEA-GRN-OS;28;8,70;Recebida
EC384;SUP10;2026-07-25;2026-09-19;BEA-OLV-OS;37;8,70;Recebida
EC384;SUP10;2026-07-25;2026-09-19;BEA-OCN-OS;43;8,70;Recebida
EC384;SUP10;2026-07-25;2026-09-19;BEA-PRP-OS;10;8,70;Recebida
EC384;SUP10;2026-07-25;2026-09-19;BEA-RED-OS;25;8,70;Recebida
EC385;SUP10;2026-01-09;2026-03-06;BEA-GRN-OS;20;8,70;Recebida
EC385;SUP10;2026-01-09;2026-03-06;BEA-OLV-OS;24;8,70;Recebida
EC385;SUP10;2026-01-09;2026-03-06;BEA-OCN-OS;42;8,70;Recebida
EC385;SUP10;2026-01-09;2026-03-06;BEA-PRP-OS;24;8,70;Recebida
EC385;SUP10;2026-01-09;2026-03-06;BEA-RED-OS;13;8,70;Recebida
EC386;SUP10;2026-08-21;2026-10-16;BEA-GRN-OS;13;8,70;Aberta
EC386;SUP10;2026-08-21;2026-10-16;BEA-OLV-OS;40;8,70;Aberta
EC386;SUP10;2026-08-21;2026-10-16;BEA-OCN-OS;37;8,70;Aberta
EC386;SUP10;2026-08-21;2026-10-16;BEA-PRP-OS;17;8,70;Aberta
EC386;SUP10;2026-08-21;2026-10-16;BEA-RED-OS;25;8,70;Aberta
EC387;SUP11;2026-06-09;2026-08-11;HOO-RED-S;49;29,37;Recebida
EC387;SUP11;2026-06-09;2026-08-11;HOO-CLY-S;65;29,37;Recebida
EC387;SUP11;2026-06-09;2026-08-11;HOO-OCN-S;69;29,37;Recebida
EC387;SUP11;2026-06-09;2026-08-11;HOO-PRP-S;38;29,37;Recebida
EC387;SUP11;2026-06-09;2026-08-11;HOO-GRN-S;19;29,37;Recebida
EC387;SUP11;2026-06-09;2026-08-11;HOO-RED-M;90;29,37;Recebida
EC387;SUP11;2026-06-09;2026-08-11;HOO-CLY-M;85;29,37;Recebida
EC387;SUP11;2026-06-09;2026-08-11;HOO-OCN-M;124;29,37;Recebida
EC387;SUP11;2026-06-09;2026-08-11;HOO-PRP-M;42;29,37;Recebida
EC387;SUP11;2026-06-09;2026-08-11;HOO-GRN-M;54;29,37;Recebida
EC387;SUP11;2026-06-09;2026-08-11;HOO-RED-L;55;29,37;Recebida
EC387;SUP11;2026-06-09;2026-08-11;HOO-CLY-L;93;29,37;Recebida
EC387;SUP11;2026-06-09;2026-08-11;HOO-OCN-L;95;29,37;Recebida
EC387;SUP11;2026-06-09;2026-08-11;HOO-PRP-L;37;29,37;Recebida
EC387;SUP11;2026-06-09;2026-08-11;HOO-GRN-L;56;29,37;Recebida
EC387;SUP11;2026-06-09;2026-08-11;HOO-RED-XL;43;29,37;Recebida
EC387;SUP11;2026-06-09;2026-08-11;HOO-CLY-XL;21;29,37;Recebida
EC387;SUP11;2026-06-09;2026-08-11;HOO-OCN-XL;19;29,37;Recebida
EC387;SUP11;2026-06-09;2026-08-11;HOO-PRP-XL;31;29,37;Recebida
EC387;SUP11;2026-06-09;2026-08-11;HOO-GRN-XL;39;29,37;Recebida
EC388;SUP11;2026-08-17;2026-10-19;HOO-RED-S;24;29,37;Aberta
EC388;SUP11;2026-08-17;2026-10-19;HOO-CLY-S;65;29,37;Aberta
EC388;SUP11;2026-08-17;2026-10-19;HOO-OCN-S;26;29,37;Aberta
EC388;SUP11;2026-08-17;2026-10-19;HOO-PRP-S;23;29,37;Aberta
EC388;SUP11;2026-08-17;2026-10-19;HOO-GRN-S;34;29,37;Aberta
EC388;SUP11;2026-08-17;2026-10-19;HOO-RED-M;40;29,37;Aberta
EC388;SUP11;2026-08-17;2026-10-19;HOO-CLY-M;81;29,37;Aberta
EC388;SUP11;2026-08-17;2026-10-19;HOO-OCN-M;103;29,37;Aberta
EC388;SUP11;2026-08-17;2026-10-19;HOO-PRP-M;68;29,37;Aberta
EC388;SUP11;2026-08-17;2026-10-19;HOO-GRN-M;59;29,37;Aberta
EC388;SUP11;2026-08-17;2026-10-19;HOO-RED-L;81;29,37;Aberta
EC388;SUP11;2026-08-17;2026-10-19;HOO-CLY-L;36;29,37;Aberta
EC388;SUP11;2026-08-17;2026-10-19;HOO-OCN-L;63;29,37;Aberta
EC388;SUP11;2026-08-17;2026-10-19;HOO-PRP-L;49;29,37;Aberta
EC388;SUP11;2026-08-17;2026-10-19;HOO-GRN-L;57;29,37;Aberta
EC388;SUP11;2026-08-17;2026-10-19;HOO-RED-XL;34;29,37;Aberta
EC388;SUP11;2026-08-17;2026-10-19;HOO-CLY-XL;26;29,37;Aberta
EC388;SUP11;2026-08-17;2026-10-19;HOO-OCN-XL;21;29,37;Aberta
EC388;SUP11;2026-08-17;2026-10-19;HOO-PRP-XL;14;29,37;Aberta
EC388;SUP11;2026-08-17;2026-10-19;HOO-GRN-XL;39;29,37;Aberta
