Data;Armazem;Artigo;Quantidade
2026-09-30;LIS1;SLI-BLK-S;2
2026-09-30;LIS2;SLI-BLK-S;0
2026-09-30;OPO1;SLI-BLK-S;1
2026-09-30;OPO2;SLI-BLK-S;1
2026-09-30;MAD1;SLI-BLK-S;1
2026-09-30;LON1;SLI-BLK-S;1
2026-09-30;WH-OPO;SLI-BLK-S;11
2026-09-30;WH-WEB;SLI-BLK-S;48
2026-09-30;LIS1;SLI-BLK-M;2
2026-09-30;LIS2;SLI-BLK-M;0
2026-09-30;OPO1;SLI-BLK-M;1
2026-09-30;OPO2;SLI-BLK-M;0
2026-09-30;MAD1;SLI-BLK-M;1
2026-09-30;LON1;SLI-BLK-M;1
2026-09-30;WH-OPO;SLI-BLK-M;7
2026-09-30;WH-WEB;SLI-BLK-M;49
2026-09-30;LIS1;SLI-BLK-L;3
2026-09-30;LIS2;SLI-BLK-L;1
2026-09-30;OPO1;SLI-BLK-L;2
2026-09-30;OPO2;SLI-BLK-L;1
2026-09-30;MAD1;SLI-BLK-L;2
2026-09-30;LON1;SLI-BLK-L;0
2026-09-30;WH-OPO;SLI-BLK-L;18
2026-09-30;WH-WEB;SLI-BLK-L;50
2026-09-30;LIS1;SWE-GRN-S;0
2026-09-30;LIS2;SWE-GRN-S;0
2026-09-30;OPO1;SWE-GRN-S;0
2026-09-30;OPO2;SWE-GRN-S;0
2026-09-30;MAD1;SWE-GRN-S;0
2026-09-30;LON1;SWE-GRN-S;0
2026-09-30;WH-OPO;SWE-GRN-S;15
2026-09-30;WH-WEB;SWE-GRN-S;92
2026-09-30;LIS1;SWE-OLV-S;0
2026-09-30;LIS2;SWE-OLV-S;0
2026-09-30;OPO1;SWE-OLV-S;1
2026-09-30;OPO2;SWE-OLV-S;0
2026-09-30;MAD1;SWE-OLV-S;0
2026-09-30;LON1;SWE-OLV-S;0
2026-09-30;WH-OPO;SWE-OLV-S;21
2026-09-30;WH-WEB;SWE-OLV-S;50
2026-09-30;LIS1;SWE-OCN-S;0
2026-09-30;LIS2;SWE-OCN-S;0
2026-09-30;OPO1;SWE-OCN-S;0
2026-09-30;OPO2;SWE-OCN-S;0
2026-09-30;MAD1;SWE-OCN-S;0
2026-09-30;LON1;SWE-OCN-S;0
2026-09-30;WH-OPO;SWE-OCN-S;18
2026-09-30;WH-WEB;SWE-OCN-S;50
2026-09-30;LIS1;SWE-PRP-S;0
2026-09-30;LIS2;SWE-PRP-S;0
2026-09-30;OPO1;SWE-PRP-S;0
2026-09-30;OPO2;SWE-PRP-S;0
2026-09-30;MAD1;SWE-PRP-S;0
2026-09-30;LON1;SWE-PRP-S;0
2026-09-30;WH-OPO;SWE-PRP-S;4
2026-09-30;WH-WEB;SWE-PRP-S;50
2026-09-30;LIS1;SWE-RED-S;0
2026-09-30;LIS2;SWE-RED-S;0
2026-09-30;OPO1;SWE-RED-S;0
2026-09-30;OPO2;SWE-RED-S;0
2026-09-30;MAD1;SWE-RED-S;0
2026-09-30;LON1;SWE-RED-S;0
2026-09-30;WH-OPO;SWE-RED-S;17
2026-09-30;WH-WEB;SWE-RED-S;50
2026-09-30;LIS1;SWE-GRN-M;1
2026-09-30;LIS2;SWE-GRN-M;0
2026-09-30;OPO1;SWE-GRN-M;1
2026-09-30;OPO2;SWE-GRN-M;0
2026-09-30;MAD1;SWE-GRN-M;0
2026-09-30;LON1;SWE-GRN-M;1
2026-09-30;WH-OPO;SWE-GRN-M;41
2026-09-30;WH-WEB;SWE-GRN-M;50
2026-09-30;LIS1;SWE-OLV-M;1
2026-09-30;LIS2;SWE-OLV-M;0
2026-09-30;OPO1;SWE-OLV-M;1
2026-09-30;OPO2;SWE-OLV-M;0
2026-09-30;MAD1;SWE-OLV-M;1
2026-09-30;LON1;SWE-OLV-M;0
2026-09-30;WH-OPO;SWE-OLV-M;29
2026-09-30;WH-WEB;SWE-OLV-M;50
2026-09-30;LIS1;SWE-OCN-M;0
2026-09-30;LIS2;SWE-OCN-M;1
2026-09-30;OPO1;SWE-OCN-M;1
2026-09-30;OPO2;SWE-OCN-M;0
2026-09-30;MAD1;SWE-OCN-M;0
2026-09-30;LON1;SWE-OCN-M;0
2026-09-30;WH-OPO;SWE-OCN-M;23
2026-09-30;WH-WEB;SWE-OCN-M;47
2026-09-30;LIS1;SWE-PRP-M;0
2026-09-30;LIS2;SWE-PRP-M;0
2026-09-30;OPO1;SWE-PRP-M;0
2026-09-30;OPO2;SWE-PRP-M;0
2026-09-30;MAD1;SWE-PRP-M;0
2026-09-30;LON1;SWE-PRP-M;0
2026-09-30;WH-OPO;SWE-PRP-M;7
2026-09-30;WH-WEB;SWE-PRP-M;50
2026-09-30;LIS1;SWE-RED-M;1
2026-09-30;LIS2;SWE-RED-M;0
2026-09-30;OPO1;SWE-RED-M;1
2026-09-30;OPO2;SWE-RED-M;0
2026-09-30;MAD1;SWE-RED-M;0
2026-09-30;LON1;SWE-RED-M;0
2026-09-30;WH-OPO;SWE-RED-M;13
2026-09-30;WH-WEB;SWE-RED-M;49
2026-09-30;LIS1;SWE-GRN-L;1
2026-09-30;LIS2;SWE-GRN-L;0
2026-09-30;OPO1;SWE-GRN-L;0
2026-09-30;OPO2;SWE-GRN-L;0
2026-09-30;MAD1;SWE-GRN-L;0
2026-09-30;LON1;SWE-GRN-L;0
2026-09-30;WH-OPO;SWE-GRN-L;15
2026-09-30;WH-WEB;SWE-GRN-L;50
2026-09-30;LIS1;SWE-OLV-L;0
2026-09-30;LIS2;SWE-OLV-L;0
2026-09-30;OPO1;SWE-OLV-L;1
2026-09-30;OPO2;SWE-OLV-L;0
2026-09-30;MAD1;SWE-OLV-L;0
2026-09-30;LON1;SWE-OLV-L;0
2026-09-30;WH-OPO;SWE-OLV-L;31
2026-09-30;WH-WEB;SWE-OLV-L;46
2026-09-30;LIS1;SWE-OCN-L;1
2026-09-30;LIS2;SWE-OCN-L;0
2026-09-30;OPO1;SWE-OCN-L;0
2026-09-30;OPO2;SWE-OCN-L;0
2026-09-30;MAD1;SWE-OCN-L;0
2026-09-30;LON1;SWE-OCN-L;0
2026-09-30;WH-OPO;SWE-OCN-L;40
2026-09-30;WH-WEB;SWE-OCN-L;48
2026-09-30;LIS1;SWE-PRP-L;1
2026-09-30;LIS2;SWE-PRP-L;0
2026-09-30;OPO1;SWE-PRP-L;0
2026-09-30;OPO2;SWE-PRP-L;0
2026-09-30;MAD1;SWE-PRP-L;0
2026-09-30;LON1;SWE-PRP-L;0
2026-09-30;WH-OPO;SWE-PRP-L;8
2026-09-30;WH-WEB;SWE-PRP-L;50
2026-09-30;LIS1;SWE-RED-L;0
2026-09-30;LIS2;SWE-RED-L;0
2026-09-30;OPO1;SWE-RED-L;0
2026-09-30;OPO2;SWE-RED-L;0
2026-09-30;MAD1;SWE-RED-L;0
2026-09-30;LON1;SWE-RED-L;0
2026-09-30;WH-OPO;SWE-RED-L;17
2026-09-30;WH-WEB;SWE-RED-L;49
2026-09-30;LIS1;MTS-GRN-S;8
2026-09-30;LIS2;MTS-GRN-S;1
2026-09-30;OPO1;MTS-GRN-S;6
2026-09-30;OPO2;MTS-GRN-S;1
2026-09-30;MAD1;MTS-GRN-S;2
2026-09-30;LON1;MTS-GRN-S;4
2026-09-30;WH-OPO;MTS-GRN-S;56
2026-09-30;WH-WEB;MTS-GRN-S;25
2026-09-30;LIS1;MTS-OLV-S;10
2026-09-30;LIS2;MTS-OLV-S;7
2026-09-30;OPO1;MTS-OLV-S;10
2026-09-30;OPO2;MTS-OLV-S;0
2026-09-30;MAD1;MTS-OLV-S;1
2026-09-30;LON1;MTS-OLV-S;3
2026-09-30;WH-OPO;MTS-OLV-S;32
2026-09-30;WH-WEB;MTS-OLV-S;49
2026-09-30;LIS1;MTS-OCN-S;6
2026-09-30;LIS2;MTS-OCN-S;8
2026-09-30;OPO1;MTS-OCN-S;7
2026-09-30;OPO2;MTS-OCN-S;5
2026-09-30;MAD1;MTS-OCN-S;8
2026-09-30;LON1;MTS-OCN-S;3
2026-09-30;WH-OPO;MTS-OCN-S;66
2026-09-30;WH-WEB;MTS-OCN-S;50
2026-09-30;LIS1;MTS-PRP-S;4
2026-09-30;LIS2;MTS-PRP-S;1
2026-09-30;OPO1;MTS-PRP-S;2
2026-09-30;OPO2;MTS-PRP-S;1
2026-09-30;MAD1;MTS-PRP-S;3
2026-09-30;LON1;MTS-PRP-S;2
2026-09-30;WH-OPO;MTS-PRP-S;36
2026-09-30;WH-WEB;MTS-PRP-S;50
2026-09-30;LIS1;MTS-RED-S;3
2026-09-30;LIS2;MTS-RED-S;3
2026-09-30;OPO1;MTS-RED-S;4
2026-09-30;OPO2;MTS-RED-S;3
2026-09-30;MAD1;MTS-RED-S;4
2026-09-30;LON1;MTS-RED-S;3
2026-09-30;WH-OPO;MTS-RED-S;35
2026-09-30;WH-WEB;MTS-RED-S;47
2026-09-30;LIS1;MTS-GRN-M;11
2026-09-30;LIS2;MTS-GRN-M;10
2026-09-30;OPO1;MTS-GRN-M;0
2026-09-30;OPO2;MTS-GRN-M;1
2026-09-30;MAD1;MTS-GRN-M;2
2026-09-30;LON1;MTS-GRN-M;5
2026-09-30;WH-OPO;MTS-GRN-M;79
2026-09-30;WH-WEB;MTS-GRN-M;36
2026-09-30;LIS1;MTS-OLV-M;8
2026-09-30;LIS2;MTS-OLV-M;5
2026-09-30;OPO1;MTS-OLV-M;0
2026-09-30;OPO2;MTS-OLV-M;3
2026-09-30;MAD1;MTS-OLV-M;9
2026-09-30;LON1;MTS-OLV-M;3
2026-09-30;WH-OPO;MTS-OLV-M;110
2026-09-30;WH-WEB;MTS-OLV-M;50
2026-09-30;LIS1;MTS-OCN-M;9
2026-09-30;LIS2;MTS-OCN-M;2
2026-09-30;OPO1;MTS-OCN-M;12
2026-09-30;OPO2;MTS-OCN-M;2
2026-09-30;MAD1;MTS-OCN-M;11
2026-09-30;LON1;MTS-OCN-M;4
2026-09-30;WH-OPO;MTS-OCN-M;42
2026-09-30;WH-WEB;MTS-OCN-M;49
2026-09-30;LIS1;MTS-PRP-M;6
2026-09-30;LIS2;MTS-PRP-M;6
2026-09-30;OPO1;MTS-PRP-M;9
2026-09-30;OPO2;MTS-PRP-M;4
2026-09-30;MAD1;MTS-PRP-M;6
2026-09-30;LON1;MTS-PRP-M;4
2026-09-30;WH-OPO;MTS-PRP-M;66
2026-09-30;WH-WEB;MTS-PRP-M;50
2026-09-30;LIS1;MTS-RED-M;4
2026-09-30;LIS2;MTS-RED-M;0
2026-09-30;OPO1;MTS-RED-M;13
2026-09-30;OPO2;MTS-RED-M;2
2026-09-30;MAD1;MTS-RED-M;10
2026-09-30;LON1;MTS-RED-M;8
2026-09-30;WH-OPO;MTS-RED-M;40
2026-09-30;WH-WEB;MTS-RED-M;50
2026-09-30;LIS1;MTS-GRN-L;6
2026-09-30;LIS2;MTS-GRN-L;8
2026-09-30;OPO1;MTS-GRN-L;5
2026-09-30;OPO2;MTS-GRN-L;2
2026-09-30;MAD1;MTS-GRN-L;3
2026-09-30;LON1;MTS-GRN-L;5
2026-09-30;WH-OPO;MTS-GRN-L;43
2026-09-30;WH-WEB;MTS-GRN-L;50
2026-09-30;LIS1;MTS-OLV-L;2
2026-09-30;LIS2;MTS-OLV-L;6
2026-09-30;OPO1;MTS-OLV-L;13
2026-09-30;OPO2;MTS-OLV-L;6
2026-09-30;MAD1;MTS-OLV-L;6
2026-09-30;LON1;MTS-OLV-L;10
2026-09-30;WH-OPO;MTS-OLV-L;34
2026-09-30;WH-WEB;MTS-OLV-L;50
2026-09-30;LIS1;MTS-OCN-L;12
2026-09-30;LIS2;MTS-OCN-L;1
2026-09-30;OPO1;MTS-OCN-L;12
2026-09-30;OPO2;MTS-OCN-L;6
2026-09-30;MAD1;MTS-OCN-L;4
2026-09-30;LON1;MTS-OCN-L;8
2026-09-30;WH-OPO;MTS-OCN-L;32
2026-09-30;WH-WEB;MTS-OCN-L;50
2026-09-30;LIS1;MTS-PRP-L;0
2026-09-30;LIS2;MTS-PRP-L;3
2026-09-30;OPO1;MTS-PRP-L;8
2026-09-30;OPO2;MTS-PRP-L;4
2026-09-30;MAD1;MTS-PRP-L;4
2026-09-30;LON1;MTS-PRP-L;2
2026-09-30;WH-OPO;MTS-PRP-L;17
2026-09-30;WH-WEB;MTS-PRP-L;50
2026-09-30;LIS1;MTS-RED-L;4
2026-09-30;LIS2;MTS-RED-L;7
2026-09-30;OPO1;MTS-RED-L;2
2026-09-30;OPO2;MTS-RED-L;6
2026-09-30;MAD1;MTS-RED-L;8
2026-09-30;LON1;MTS-RED-L;3
2026-09-30;WH-OPO;MTS-RED-L;75
2026-09-30;WH-WEB;MTS-RED-L;50
2026-09-30;LIS1;MTS-GRN-XL;5
2026-09-30;LIS2;MTS-GRN-XL;0
2026-09-30;OPO1;MTS-GRN-XL;2
2026-09-30;OPO2;MTS-GRN-XL;1
2026-09-30;MAD1;MTS-GRN-XL;3
2026-09-30;LON1;MTS-GRN-XL;0
2026-09-30;WH-OPO;MTS-GRN-XL;21
2026-09-30;WH-WEB;MTS-GRN-XL;49
2026-09-30;LIS1;MTS-OLV-XL;4
2026-09-30;LIS2;MTS-OLV-XL;3
2026-09-30;OPO1;MTS-OLV-XL;2
2026-09-30;OPO2;MTS-OLV-XL;2
2026-09-30;MAD1;MTS-OLV-XL;4
2026-09-30;LON1;MTS-OLV-XL;3
2026-09-30;WH-OPO;MTS-OLV-XL;30
2026-09-30;WH-WEB;MTS-OLV-XL;49
2026-09-30;LIS1;MTS-OCN-XL;8
2026-09-30;LIS2;MTS-OCN-XL;2
2026-09-30;OPO1;MTS-OCN-XL;7
2026-09-30;OPO2;MTS-OCN-XL;3
2026-09-30;MAD1;MTS-OCN-XL;6
2026-09-30;LON1;MTS-OCN-XL;3
2026-09-30;WH-OPO;MTS-OCN-XL;31
2026-09-30;WH-WEB;MTS-OCN-XL;50
2026-09-30;LIS1;MTS-PRP-XL;1
2026-09-30;LIS2;MTS-PRP-XL;1
2026-09-30;OPO1;MTS-PRP-XL;4
2026-09-30;OPO2;MTS-PRP-XL;1
2026-09-30;MAD1;MTS-PRP-XL;2
2026-09-30;LON1;MTS-PRP-XL;2
2026-09-30;WH-OPO;MTS-PRP-XL;30
2026-09-30;WH-WEB;MTS-PRP-XL;50
2026-09-30;LIS1;MTS-RED-XL;2
2026-09-30;LIS2;MTS-RED-XL;1
2026-09-30;OPO1;MTS-RED-XL;4
2026-09-30;OPO2;MTS-RED-XL;1
2026-09-30;MAD1;MTS-RED-XL;4
2026-09-30;LON1;MTS-RED-XL;2
2026-09-30;WH-OPO;MTS-RED-XL;50
2026-09-30;WH-WEB;MTS-RED-XL;48
2026-09-30;LIS1;HOL-GRN-S;1
2026-09-30;LIS2;HOL-GRN-S;0
2026-09-30;OPO1;HOL-GRN-S;0
2026-09-30;OPO2;HOL-GRN-S;0
2026-09-30;MAD1;HOL-GRN-S;0
2026-09-30;LON1;HOL-GRN-S;0
2026-09-30;WH-OPO;HOL-GRN-S;21
2026-09-30;WH-WEB;HOL-GRN-S;3
2026-09-30;LIS1;HOL-OLV-S;0
2026-09-30;LIS2;HOL-OLV-S;1
2026-09-30;OPO1;HOL-OLV-S;0
2026-09-30;OPO2;HOL-OLV-S;0
2026-09-30;MAD1;HOL-OLV-S;1
2026-09-30;LON1;HOL-OLV-S;0
2026-09-30;WH-OPO;HOL-OLV-S;42
2026-09-30;WH-WEB;HOL-OLV-S;50
2026-09-30;LIS1;HOL-OCN-S;0
2026-09-30;LIS2;HOL-OCN-S;0
2026-09-30;OPO1;HOL-OCN-S;0
2026-09-30;OPO2;HOL-OCN-S;0
2026-09-30;MAD1;HOL-OCN-S;0
2026-09-30;LON1;HOL-OCN-S;0
2026-09-30;WH-OPO;HOL-OCN-S;12
2026-09-30;WH-WEB;HOL-OCN-S;47
2026-09-30;LIS1;HOL-PRP-S;0
2026-09-30;LIS2;HOL-PRP-S;0
2026-09-30;OPO1;HOL-PRP-S;0
2026-09-30;OPO2;HOL-PRP-S;0
2026-09-30;MAD1;HOL-PRP-S;0
2026-09-30;LON1;HOL-PRP-S;0
2026-09-30;WH-OPO;HOL-PRP-S;22
2026-09-30;WH-WEB;HOL-PRP-S;48
2026-09-30;LIS1;HOL-RED-S;1
2026-09-30;LIS2;HOL-RED-S;0
2026-09-30;OPO1;HOL-RED-S;0
2026-09-30;OPO2;HOL-RED-S;0
2026-09-30;MAD1;HOL-RED-S;0
2026-09-30;LON1;HOL-RED-S;0
2026-09-30;WH-OPO;HOL-RED-S;25
2026-09-30;WH-WEB;HOL-RED-S;46
2026-09-30;LIS1;HOL-GRN-M;0
2026-09-30;LIS2;HOL-GRN-M;0
2026-09-30;OPO1;HOL-GRN-M;0
2026-09-30;OPO2;HOL-GRN-M;0
2026-09-30;MAD1;HOL-GRN-M;0
2026-09-30;LON1;HOL-GRN-M;0
2026-09-30;WH-OPO;HOL-GRN-M;11
2026-09-30;WH-WEB;HOL-GRN-M;48
2026-09-30;LIS1;HOL-OLV-M;1
2026-09-30;LIS2;HOL-OLV-M;1
2026-09-30;OPO1;HOL-OLV-M;1
2026-09-30;OPO2;HOL-OLV-M;0
2026-09-30;MAD1;HOL-OLV-M;0
2026-09-30;LON1;HOL-OLV-M;0
2026-09-30;WH-OPO;HOL-OLV-M;46
2026-09-30;WH-WEB;HOL-OLV-M;0
2026-09-30;LIS1;HOL-OCN-M;0
2026-09-30;LIS2;HOL-OCN-M;0
2026-09-30;OPO1;HOL-OCN-M;0
2026-09-30;OPO2;HOL-OCN-M;0
2026-09-30;MAD1;HOL-OCN-M;1
2026-09-30;LON1;HOL-OCN-M;0
2026-09-30;WH-OPO;HOL-OCN-M;61
2026-09-30;WH-WEB;HOL-OCN-M;47
2026-09-30;LIS1;HOL-PRP-M;0
2026-09-30;LIS2;HOL-PRP-M;1
2026-09-30;OPO1;HOL-PRP-M;1
2026-09-30;OPO2;HOL-PRP-M;0
2026-09-30;MAD1;HOL-PRP-M;0
2026-09-30;LON1;HOL-PRP-M;0
2026-09-30;WH-OPO;HOL-PRP-M;29
2026-09-30;WH-WEB;HOL-PRP-M;0
2026-09-30;LIS1;HOL-RED-M;0
2026-09-30;LIS2;HOL-RED-M;0
2026-09-30;OPO1;HOL-RED-M;1
2026-09-30;OPO2;HOL-RED-M;0
2026-09-30;MAD1;HOL-RED-M;0
2026-09-30;LON1;HOL-RED-M;0
2026-09-30;WH-OPO;HOL-RED-M;22
2026-09-30;WH-WEB;HOL-RED-M;50
2026-09-30;LIS1;HOL-GRN-L;1
2026-09-30;LIS2;HOL-GRN-L;0
2026-09-30;OPO1;HOL-GRN-L;1
2026-09-30;OPO2;HOL-GRN-L;0
2026-09-30;MAD1;HOL-GRN-L;1
2026-09-30;LON1;HOL-GRN-L;0
2026-09-30;WH-OPO;HOL-GRN-L;29
2026-09-30;WH-WEB;HOL-GRN-L;50
2026-09-30;LIS1;HOL-OLV-L;1
2026-09-30;LIS2;HOL-OLV-L;0
2026-09-30;OPO1;HOL-OLV-L;0
2026-09-30;OPO2;HOL-OLV-L;1
2026-09-30;MAD1;HOL-OLV-L;1
2026-09-30;LON1;HOL-OLV-L;1
2026-09-30;WH-OPO;HOL-OLV-L;21
2026-09-30;WH-WEB;HOL-OLV-L;48
2026-09-30;LIS1;HOL-OCN-L;0
2026-09-30;LIS2;HOL-OCN-L;0
2026-09-30;OPO1;HOL-OCN-L;1
2026-09-30;OPO2;HOL-OCN-L;0
2026-09-30;MAD1;HOL-OCN-L;0
2026-09-30;LON1;HOL-OCN-L;0
2026-09-30;WH-OPO;HOL-OCN-L;54
2026-09-30;WH-WEB;HOL-OCN-L;49
2026-09-30;LIS1;HOL-PRP-L;0
2026-09-30;LIS2;HOL-PRP-L;0
2026-09-30;OPO1;HOL-PRP-L;1
2026-09-30;OPO2;HOL-PRP-L;0
2026-09-30;MAD1;HOL-PRP-L;0
2026-09-30;LON1;HOL-PRP-L;0
2026-09-30;WH-OPO;HOL-PRP-L;7
2026-09-30;WH-WEB;HOL-PRP-L;49
2026-09-30;LIS1;HOL-RED-L;0
2026-09-30;LIS2;HOL-RED-L;0
2026-09-30;OPO1;HOL-RED-L;1
2026-09-30;OPO2;HOL-RED-L;1
2026-09-30;MAD1;HOL-RED-L;0
2026-09-30;LON1;HOL-RED-L;0
2026-09-30;WH-OPO;HOL-RED-L;37
2026-09-30;WH-WEB;HOL-RED-L;50
2026-09-30;LIS1;HOL-GRN-XL;0
2026-09-30;LIS2;HOL-GRN-XL;0
2026-09-30;OPO1;HOL-GRN-XL;0
2026-09-30;OPO2;HOL-GRN-XL;0
2026-09-30;MAD1;HOL-GRN-XL;0
2026-09-30;LON1;HOL-GRN-XL;0
2026-09-30;WH-OPO;HOL-GRN-XL;11
2026-09-30;WH-WEB;HOL-GRN-XL;50
2026-09-30;LIS1;HOL-OLV-XL;0
2026-09-30;LIS2;HOL-OLV-XL;0
2026-09-30;OPO1;HOL-OLV-XL;0
2026-09-30;OPO2;HOL-OLV-XL;0
2026-09-30;MAD1;HOL-OLV-XL;0
2026-09-30;LON1;HOL-OLV-XL;0
2026-09-30;WH-OPO;HOL-OLV-XL;16
2026-09-30;WH-WEB;HOL-OLV-XL;50
2026-09-30;LIS1;HOL-OCN-XL;0
2026-09-30;LIS2;HOL-OCN-XL;0
2026-09-30;OPO1;HOL-OCN-XL;0
2026-09-30;OPO2;HOL-OCN-XL;0
2026-09-30;MAD1;HOL-OCN-XL;0
2026-09-30;LON1;HOL-OCN-XL;0
2026-09-30;WH-OPO;HOL-OCN-XL;29
2026-09-30;WH-WEB;HOL-OCN-XL;49
2026-09-30;LIS1;HOL-PRP-XL;0
2026-09-30;LIS2;HOL-PRP-XL;0
2026-09-30;OPO1;HOL-PRP-XL;0
2026-09-30;OPO2;HOL-PRP-XL;0
2026-09-30;MAD1;HOL-PRP-XL;0
2026-09-30;LON1;HOL-PRP-XL;0
2026-09-30;WH-OPO;HOL-PRP-XL;13
2026-09-30;WH-WEB;HOL-PRP-XL;50
2026-09-30;LIS1;HOL-RED-XL;0
2026-09-30;LIS2;HOL-RED-XL;0
2026-09-30;OPO1;HOL-RED-XL;0
2026-09-30;OPO2;HOL-RED-XL;0
2026-09-30;MAD1;HOL-RED-XL;0
2026-09-30;LON1;HOL-RED-XL;0
2026-09-30;WH-OPO;HOL-RED-XL;7
2026-09-30;WH-WEB;HOL-RED-XL;49
2026-09-30;LIS1;SCH-RED-S;0
2026-09-30;LIS2;SCH-RED-S;0
2026-09-30;OPO1;SCH-RED-S;0
2026-09-30;OPO2;SCH-RED-S;0
2026-09-30;MAD1;SCH-RED-S;0
2026-09-30;LON1;SCH-RED-S;0
2026-09-30;WH-OPO;SCH-RED-S;13
2026-09-30;WH-WEB;SCH-RED-S;48
2026-09-30;LIS1;SCH-RED-M;1
2026-09-30;LIS2;SCH-RED-M;0
2026-09-30;OPO1;SCH-RED-M;0
2026-09-30;OPO2;SCH-RED-M;0
2026-09-30;MAD1;SCH-RED-M;1
2026-09-30;LON1;SCH-RED-M;0
2026-09-30;WH-OPO;SCH-RED-M;16
2026-09-30;WH-WEB;SCH-RED-M;50
2026-09-30;LIS1;SCH-RED-L;1
2026-09-30;LIS2;SCH-RED-L;1
2026-09-30;OPO1;SCH-RED-L;1
2026-09-30;OPO2;SCH-RED-L;0
2026-09-30;MAD1;SCH-RED-L;0
2026-09-30;LON1;SCH-RED-L;0
2026-09-30;WH-OPO;SCH-RED-L;13
2026-09-30;WH-WEB;SCH-RED-L;50
2026-09-30;LIS1;SCH-RED-XL;0
2026-09-30;LIS2;SCH-RED-XL;0
2026-09-30;OPO1;SCH-RED-XL;0
2026-09-30;OPO2;SCH-RED-XL;0
2026-09-30;MAD1;SCH-RED-XL;0
2026-09-30;LON1;SCH-RED-XL;0
2026-09-30;WH-OPO;SCH-RED-XL;25
2026-09-30;WH-WEB;SCH-RED-XL;50
2026-09-30;LIS1;SC2-CLY-S;1
2026-09-30;LIS2;SC2-CLY-S;0
2026-09-30;OPO1;SC2-CLY-S;1
2026-09-30;OPO2;SC2-CLY-S;0
2026-09-30;MAD1;SC2-CLY-S;0
2026-09-30;LON1;SC2-CLY-S;0
2026-09-30;WH-OPO;SC2-CLY-S;43
2026-09-30;WH-WEB;SC2-CLY-S;0
2026-09-30;LIS1;SC2-CLY-M;1
2026-09-30;LIS2;SC2-CLY-M;1
2026-09-30;OPO1;SC2-CLY-M;0
2026-09-30;OPO2;SC2-CLY-M;0
2026-09-30;MAD1;SC2-CLY-M;0
2026-09-30;LON1;SC2-CLY-M;0
2026-09-30;WH-OPO;SC2-CLY-M;56
2026-09-30;WH-WEB;SC2-CLY-M;0
2026-09-30;LIS1;SC2-CLY-L;1
2026-09-30;LIS2;SC2-CLY-L;1
2026-09-30;OPO1;SC2-CLY-L;1
2026-09-30;OPO2;SC2-CLY-L;1
2026-09-30;MAD1;SC2-CLY-L;0
2026-09-30;LON1;SC2-CLY-L;0
2026-09-30;WH-OPO;SC2-CLY-L;27
2026-09-30;WH-WEB;SC2-CLY-L;0
2026-09-30;LIS1;SC2-CLY-XL;0
2026-09-30;LIS2;SC2-CLY-XL;0
2026-09-30;OPO1;SC2-CLY-XL;0
2026-09-30;OPO2;SC2-CLY-XL;0
2026-09-30;MAD1;SC2-CLY-XL;0
2026-09-30;LON1;SC2-CLY-XL;0
2026-09-30;WH-OPO;SC2-CLY-XL;20
2026-09-30;WH-WEB;SC2-CLY-XL;0
2026-09-30;LIS1;SC3-OCN-S;0
2026-09-30;LIS2;SC3-OCN-S;0
2026-09-30;OPO1;SC3-OCN-S;1
2026-09-30;OPO2;SC3-OCN-S;0
2026-09-30;MAD1;SC3-OCN-S;0
2026-09-30;LON1;SC3-OCN-S;0
2026-09-30;WH-OPO;SC3-OCN-S;13
2026-09-30;WH-WEB;SC3-OCN-S;49
2026-09-30;LIS1;SC3-OCN-M;1
2026-09-30;LIS2;SC3-OCN-M;0
2026-09-30;OPO1;SC3-OCN-M;0
2026-09-30;OPO2;SC3-OCN-M;0
2026-09-30;MAD1;SC3-OCN-M;1
2026-09-30;LON1;SC3-OCN-M;1
2026-09-30;WH-OPO;SC3-OCN-M;18
2026-09-30;WH-WEB;SC3-OCN-M;50
2026-09-30;LIS1;SC3-OCN-L;1
2026-09-30;LIS2;SC3-OCN-L;1
2026-09-30;OPO1;SC3-OCN-L;0
2026-09-30;OPO2;SC3-OCN-L;1
2026-09-30;MAD1;SC3-OCN-L;0
2026-09-30;LON1;SC3-OCN-L;0
2026-09-30;WH-OPO;SC3-OCN-L;39
2026-09-30;WH-WEB;SC3-OCN-L;50
2026-09-30;LIS1;SC3-OCN-XL;0
2026-09-30;LIS2;SC3-OCN-XL;0
2026-09-30;OPO1;SC3-OCN-XL;0
2026-09-30;OPO2;SC3-OCN-XL;0
2026-09-30;MAD1;SC3-OCN-XL;0
2026-09-30;LON1;SC3-OCN-XL;0
2026-09-30;WH-OPO;SC3-OCN-XL;10
2026-09-30;WH-WEB;SC3-OCN-XL;50
2026-09-30;LIS1;SC4-PRP-S;0
2026-09-30;LIS2;SC4-PRP-S;0
2026-09-30;OPO1;SC4-PRP-S;0
2026-09-30;OPO2;SC4-PRP-S;0
2026-09-30;MAD1;SC4-PRP-S;0
2026-09-30;LON1;SC4-PRP-S;0
2026-09-30;WH-OPO;SC4-PRP-S;18
2026-09-30;WH-WEB;SC4-PRP-S;50
2026-09-30;LIS1;SC4-PRP-M;1
2026-09-30;LIS2;SC4-PRP-M;1
2026-09-30;OPO1;SC4-PRP-M;0
2026-09-30;OPO2;SC4-PRP-M;0
2026-09-30;MAD1;SC4-PRP-M;0
2026-09-30;LON1;SC4-PRP-M;0
2026-09-30;WH-OPO;SC4-PRP-M;28
2026-09-30;WH-WEB;SC4-PRP-M;50
2026-09-30;LIS1;SC4-PRP-L;0
2026-09-30;LIS2;SC4-PRP-L;0
2026-09-30;OPO1;SC4-PRP-L;1
2026-09-30;OPO2;SC4-PRP-L;0
2026-09-30;MAD1;SC4-PRP-L;0
2026-09-30;LON1;SC4-PRP-L;0
2026-09-30;WH-OPO;SC4-PRP-L;24
2026-09-30;WH-WEB;SC4-PRP-L;50
2026-09-30;LIS1;SC4-PRP-XL;0
2026-09-30;LIS2;SC4-PRP-XL;0
2026-09-30;OPO1;SC4-PRP-XL;0
2026-09-30;OPO2;SC4-PRP-XL;0
2026-09-30;MAD1;SC4-PRP-XL;0
2026-09-30;LON1;SC4-PRP-XL;0
2026-09-30;WH-OPO;SC4-PRP-XL;10
2026-09-30;WH-WEB;SC4-PRP-XL;50
2026-09-30;LIS1;SC5-GRN-S;0
2026-09-30;LIS2;SC5-GRN-S;0
2026-09-30;OPO1;SC5-GRN-S;0
2026-09-30;OPO2;SC5-GRN-S;0
2026-09-30;MAD1;SC5-GRN-S;0
2026-09-30;LON1;SC5-GRN-S;0
2026-09-30;WH-OPO;SC5-GRN-S;17
2026-09-30;WH-WEB;SC5-GRN-S;42
2026-09-30;LIS1;SC5-GRN-M;1
2026-09-30;LIS2;SC5-GRN-M;0
2026-09-30;OPO1;SC5-GRN-M;0
2026-09-30;OPO2;SC5-GRN-M;0
2026-09-30;MAD1;SC5-GRN-M;0
2026-09-30;LON1;SC5-GRN-M;0
2026-09-30;WH-OPO;SC5-GRN-M;35
2026-09-30;WH-WEB;SC5-GRN-M;49
2026-09-30;LIS1;SC5-GRN-L;0
2026-09-30;LIS2;SC5-GRN-L;0
2026-09-30;OPO1;SC5-GRN-L;0
2026-09-30;OPO2;SC5-GRN-L;0
2026-09-30;MAD1;SC5-GRN-L;0
2026-09-30;LON1;SC5-GRN-L;0
2026-09-30;WH-OPO;SC5-GRN-L;10
2026-09-30;WH-WEB;SC5-GRN-L;50
2026-09-30;LIS1;SC5-GRN-XL;0
2026-09-30;LIS2;SC5-GRN-XL;0
2026-09-30;OPO1;SC5-GRN-XL;0
2026-09-30;OPO2;SC5-GRN-XL;0
2026-09-30;MAD1;SC5-GRN-XL;0
2026-09-30;LON1;SC5-GRN-XL;0
2026-09-30;WH-OPO;SC5-GRN-XL;5
2026-09-30;WH-WEB;SC5-GRN-XL;50
2026-09-30;LIS1;MCR-GRN-S;1
2026-09-30;LIS2;MCR-GRN-S;0
2026-09-30;OPO1;MCR-GRN-S;0
2026-09-30;OPO2;MCR-GRN-S;0
2026-09-30;MAD1;MCR-GRN-S;0
2026-09-30;LON1;MCR-GRN-S;0
2026-09-30;WH-OPO;MCR-GRN-S;10
2026-09-30;WH-WEB;MCR-GRN-S;36
2026-09-30;LIS1;MCR-OLV-S;1
2026-09-30;LIS2;MCR-OLV-S;0
2026-09-30;OPO1;MCR-OLV-S;0
2026-09-30;OPO2;MCR-OLV-S;0
2026-09-30;MAD1;MCR-OLV-S;0
2026-09-30;LON1;MCR-OLV-S;0
2026-09-30;WH-OPO;MCR-OLV-S;18
2026-09-30;WH-WEB;MCR-OLV-S;45
2026-09-30;LIS1;MCR-OCN-S;0
2026-09-30;LIS2;MCR-OCN-S;0
2026-09-30;OPO1;MCR-OCN-S;0
2026-09-30;OPO2;MCR-OCN-S;0
2026-09-30;MAD1;MCR-OCN-S;0
2026-09-30;LON1;MCR-OCN-S;0
2026-09-30;WH-OPO;MCR-OCN-S;12
2026-09-30;WH-WEB;MCR-OCN-S;44
2026-09-30;LIS1;MCR-PRP-S;0
2026-09-30;LIS2;MCR-PRP-S;0
2026-09-30;OPO1;MCR-PRP-S;0
2026-09-30;OPO2;MCR-PRP-S;0
2026-09-30;MAD1;MCR-PRP-S;0
2026-09-30;LON1;MCR-PRP-S;0
2026-09-30;WH-OPO;MCR-PRP-S;6
2026-09-30;WH-WEB;MCR-PRP-S;49
2026-09-30;LIS1;MCR-RED-S;0
2026-09-30;LIS2;MCR-RED-S;1
2026-09-30;OPO1;MCR-RED-S;0
2026-09-30;OPO2;MCR-RED-S;0
2026-09-30;MAD1;MCR-RED-S;0
2026-09-30;LON1;MCR-RED-S;0
2026-09-30;WH-OPO;MCR-RED-S;29
2026-09-30;WH-WEB;MCR-RED-S;49
2026-09-30;LIS1;MCR-GRN-M;1
2026-09-30;LIS2;MCR-GRN-M;0
2026-09-30;OPO1;MCR-GRN-M;1
2026-09-30;OPO2;MCR-GRN-M;0
2026-09-30;MAD1;MCR-GRN-M;0
2026-09-30;LON1;MCR-GRN-M;0
2026-09-30;WH-OPO;MCR-GRN-M;29
2026-09-30;WH-WEB;MCR-GRN-M;48
2026-09-30;LIS1;MCR-OLV-M;1
2026-09-30;LIS2;MCR-OLV-M;0
2026-09-30;OPO1;MCR-OLV-M;1
2026-09-30;OPO2;MCR-OLV-M;0
2026-09-30;MAD1;MCR-OLV-M;0
2026-09-30;LON1;MCR-OLV-M;1
2026-09-30;WH-OPO;MCR-OLV-M;45
2026-09-30;WH-WEB;MCR-OLV-M;50
2026-09-30;LIS1;MCR-OCN-M;1
2026-09-30;LIS2;MCR-OCN-M;0
2026-09-30;OPO1;MCR-OCN-M;0
2026-09-30;OPO2;MCR-OCN-M;0
2026-09-30;MAD1;MCR-OCN-M;1
2026-09-30;LON1;MCR-OCN-M;0
2026-09-30;WH-OPO;MCR-OCN-M;35
2026-09-30;WH-WEB;MCR-OCN-M;50
2026-09-30;LIS1;MCR-PRP-M;0
2026-09-30;LIS2;MCR-PRP-M;0
2026-09-30;OPO1;MCR-PRP-M;0
2026-09-30;OPO2;MCR-PRP-M;0
2026-09-30;MAD1;MCR-PRP-M;0
2026-09-30;LON1;MCR-PRP-M;0
2026-09-30;WH-OPO;MCR-PRP-M;20
2026-09-30;WH-WEB;MCR-PRP-M;49
2026-09-30;LIS1;MCR-RED-M;1
2026-09-30;LIS2;MCR-RED-M;0
2026-09-30;OPO1;MCR-RED-M;1
2026-09-30;OPO2;MCR-RED-M;1
2026-09-30;MAD1;MCR-RED-M;1
2026-09-30;LON1;MCR-RED-M;0
2026-09-30;WH-OPO;MCR-RED-M;52
2026-09-30;WH-WEB;MCR-RED-M;48
2026-09-30;LIS1;MCR-GRN-L;1
2026-09-30;LIS2;MCR-GRN-L;0
2026-09-30;OPO1;MCR-GRN-L;0
2026-09-30;OPO2;MCR-GRN-L;0
2026-09-30;MAD1;MCR-GRN-L;0
2026-09-30;LON1;MCR-GRN-L;0
2026-09-30;WH-OPO;MCR-GRN-L;17
2026-09-30;WH-WEB;MCR-GRN-L;48
2026-09-30;LIS1;MCR-OLV-L;1
2026-09-30;LIS2;MCR-OLV-L;0
2026-09-30;OPO1;MCR-OLV-L;1
2026-09-30;OPO2;MCR-OLV-L;0
2026-09-30;MAD1;MCR-OLV-L;0
2026-09-30;LON1;MCR-OLV-L;0
2026-09-30;WH-OPO;MCR-OLV-L;33
2026-09-30;WH-WEB;MCR-OLV-L;50
2026-09-30;LIS1;MCR-OCN-L;1
2026-09-30;LIS2;MCR-OCN-L;1
2026-09-30;OPO1;MCR-OCN-L;1
2026-09-30;OPO2;MCR-OCN-L;0
2026-09-30;MAD1;MCR-OCN-L;0
2026-09-30;LON1;MCR-OCN-L;0
2026-09-30;WH-OPO;MCR-OCN-L;37
2026-09-30;WH-WEB;MCR-OCN-L;49
2026-09-30;LIS1;MCR-PRP-L;0
2026-09-30;LIS2;MCR-PRP-L;0
2026-09-30;OPO1;MCR-PRP-L;0
2026-09-30;OPO2;MCR-PRP-L;0
2026-09-30;MAD1;MCR-PRP-L;0
2026-09-30;LON1;MCR-PRP-L;0
2026-09-30;WH-OPO;MCR-PRP-L;7
2026-09-30;WH-WEB;MCR-PRP-L;50
2026-09-30;LIS1;MCR-RED-L;1
2026-09-30;LIS2;MCR-RED-L;0
2026-09-30;OPO1;MCR-RED-L;0
2026-09-30;OPO2;MCR-RED-L;0
2026-09-30;MAD1;MCR-RED-L;0
2026-09-30;LON1;MCR-RED-L;0
2026-09-30;WH-OPO;MCR-RED-L;31
2026-09-30;WH-WEB;MCR-RED-L;50
2026-09-30;LIS1;WCR-GRN-S;0
2026-09-30;LIS2;WCR-GRN-S;0
2026-09-30;OPO1;WCR-GRN-S;0
2026-09-30;OPO2;WCR-GRN-S;0
2026-09-30;MAD1;WCR-GRN-S;0
2026-09-30;LON1;WCR-GRN-S;0
2026-09-30;WH-OPO;WCR-GRN-S;4
2026-09-30;WH-WEB;WCR-GRN-S;36
2026-09-30;LIS1;WCR-OLV-S;0
2026-09-30;LIS2;WCR-OLV-S;0
2026-09-30;OPO1;WCR-OLV-S;0
2026-09-30;OPO2;WCR-OLV-S;0
2026-09-30;MAD1;WCR-OLV-S;0
2026-09-30;LON1;WCR-OLV-S;0
2026-09-30;WH-OPO;WCR-OLV-S;29
2026-09-30;WH-WEB;WCR-OLV-S;47
2026-09-30;LIS1;WCR-OCN-S;1
2026-09-30;LIS2;WCR-OCN-S;0
2026-09-30;OPO1;WCR-OCN-S;1
2026-09-30;OPO2;WCR-OCN-S;0
2026-09-30;MAD1;WCR-OCN-S;0
2026-09-30;LON1;WCR-OCN-S;0
2026-09-30;WH-OPO;WCR-OCN-S;9
2026-09-30;WH-WEB;WCR-OCN-S;50
2026-09-30;LIS1;WCR-PRP-S;0
2026-09-30;LIS2;WCR-PRP-S;0
2026-09-30;OPO1;WCR-PRP-S;0
2026-09-30;OPO2;WCR-PRP-S;0
2026-09-30;MAD1;WCR-PRP-S;0
2026-09-30;LON1;WCR-PRP-S;0
2026-09-30;WH-OPO;WCR-PRP-S;5
2026-09-30;WH-WEB;WCR-PRP-S;50
2026-09-30;LIS1;WCR-RED-S;0
2026-09-30;LIS2;WCR-RED-S;0
2026-09-30;OPO1;WCR-RED-S;0
2026-09-30;OPO2;WCR-RED-S;0
2026-09-30;MAD1;WCR-RED-S;0
2026-09-30;LON1;WCR-RED-S;0
2026-09-30;WH-OPO;WCR-RED-S;9
2026-09-30;WH-WEB;WCR-RED-S;50
2026-09-30;LIS1;WCR-GRN-M;1
2026-09-30;LIS2;WCR-GRN-M;0
2026-09-30;OPO1;WCR-GRN-M;1
2026-09-30;OPO2;WCR-GRN-M;0
2026-09-30;MAD1;WCR-GRN-M;0
2026-09-30;LON1;WCR-GRN-M;0
2026-09-30;WH-OPO;WCR-GRN-M;16
2026-09-30;WH-WEB;WCR-GRN-M;49
2026-09-30;LIS1;WCR-OLV-M;1
2026-09-30;LIS2;WCR-OLV-M;1
2026-09-30;OPO1;WCR-OLV-M;0
2026-09-30;OPO2;WCR-OLV-M;0
2026-09-30;MAD1;WCR-OLV-M;0
2026-09-30;LON1;WCR-OLV-M;0
2026-09-30;WH-OPO;WCR-OLV-M;30
2026-09-30;WH-WEB;WCR-OLV-M;50
2026-09-30;LIS1;WCR-OCN-M;0
2026-09-30;LIS2;WCR-OCN-M;1
2026-09-30;OPO1;WCR-OCN-M;0
2026-09-30;OPO2;WCR-OCN-M;0
2026-09-30;MAD1;WCR-OCN-M;1
2026-09-30;LON1;WCR-OCN-M;0
2026-09-30;WH-OPO;WCR-OCN-M;18
2026-09-30;WH-WEB;WCR-OCN-M;47
2026-09-30;LIS1;WCR-PRP-M;0
2026-09-30;LIS2;WCR-PRP-M;0
2026-09-30;OPO1;WCR-PRP-M;1
2026-09-30;OPO2;WCR-PRP-M;0
2026-09-30;MAD1;WCR-PRP-M;0
2026-09-30;LON1;WCR-PRP-M;0
2026-09-30;WH-OPO;WCR-PRP-M;22
2026-09-30;WH-WEB;WCR-PRP-M;48
2026-09-30;LIS1;WCR-RED-M;1
2026-09-30;LIS2;WCR-RED-M;1
2026-09-30;OPO1;WCR-RED-M;0
2026-09-30;OPO2;WCR-RED-M;0
2026-09-30;MAD1;WCR-RED-M;0
2026-09-30;LON1;WCR-RED-M;0
2026-09-30;WH-OPO;WCR-RED-M;24
2026-09-30;WH-WEB;WCR-RED-M;44
2026-09-30;LIS1;WCR-GRN-L;0
2026-09-30;LIS2;WCR-GRN-L;0
2026-09-30;OPO1;WCR-GRN-L;1
2026-09-30;OPO2;WCR-GRN-L;0
2026-09-30;MAD1;WCR-GRN-L;0
2026-09-30;LON1;WCR-GRN-L;0
2026-09-30;WH-OPO;WCR-GRN-L;29
2026-09-30;WH-WEB;WCR-GRN-L;50
2026-09-30;LIS1;WCR-OLV-L;1
2026-09-30;LIS2;WCR-OLV-L;1
2026-09-30;OPO1;WCR-OLV-L;0
2026-09-30;OPO2;WCR-OLV-L;0
2026-09-30;MAD1;WCR-OLV-L;1
2026-09-30;LON1;WCR-OLV-L;0
2026-09-30;WH-OPO;WCR-OLV-L;20
2026-09-30;WH-WEB;WCR-OLV-L;50
2026-09-30;LIS1;WCR-OCN-L;1
2026-09-30;LIS2;WCR-OCN-L;0
2026-09-30;OPO1;WCR-OCN-L;1
2026-09-30;OPO2;WCR-OCN-L;0
2026-09-30;MAD1;WCR-OCN-L;0
2026-09-30;LON1;WCR-OCN-L;0
2026-09-30;WH-OPO;WCR-OCN-L;35
2026-09-30;WH-WEB;WCR-OCN-L;50
2026-09-30;LIS1;WCR-PRP-L;0
2026-09-30;LIS2;WCR-PRP-L;0
2026-09-30;OPO1;WCR-PRP-L;0
2026-09-30;OPO2;WCR-PRP-L;0
2026-09-30;MAD1;WCR-PRP-L;0
2026-09-30;LON1;WCR-PRP-L;0
2026-09-30;WH-OPO;WCR-PRP-L;10
2026-09-30;WH-WEB;WCR-PRP-L;50
2026-09-30;LIS1;WCR-RED-L;0
2026-09-30;LIS2;WCR-RED-L;0
2026-09-30;OPO1;WCR-RED-L;0
2026-09-30;OPO2;WCR-RED-L;0
2026-09-30;MAD1;WCR-RED-L;0
2026-09-30;LON1;WCR-RED-L;0
2026-09-30;WH-OPO;WCR-RED-L;23
2026-09-30;WH-WEB;WCR-RED-L;48
2026-09-30;LIS1;WTS-GRN-S;4
2026-09-30;LIS2;WTS-GRN-S;4
2026-09-30;OPO1;WTS-GRN-S;3
2026-09-30;OPO2;WTS-GRN-S;0
2026-09-30;MAD1;WTS-GRN-S;1
2026-09-30;LON1;WTS-GRN-S;4
2026-09-30;WH-OPO;WTS-GRN-S;19
2026-09-30;WH-WEB;WTS-GRN-S;36
2026-09-30;LIS1;WTS-OLV-S;4
2026-09-30;LIS2;WTS-OLV-S;0
2026-09-30;OPO1;WTS-OLV-S;3
2026-09-30;OPO2;WTS-OLV-S;1
2026-09-30;MAD1;WTS-OLV-S;2
2026-09-30;LON1;WTS-OLV-S;4
2026-09-30;WH-OPO;WTS-OLV-S;13
2026-09-30;WH-WEB;WTS-OLV-S;50
2026-09-30;LIS1;WTS-OCN-S;7
2026-09-30;LIS2;WTS-OCN-S;4
2026-09-30;OPO1;WTS-OCN-S;5
2026-09-30;OPO2;WTS-OCN-S;3
2026-09-30;MAD1;WTS-OCN-S;1
2026-09-30;LON1;WTS-OCN-S;1
2026-09-30;WH-OPO;WTS-OCN-S;13
2026-09-30;WH-WEB;WTS-OCN-S;49
2026-09-30;LIS1;WTS-PRP-S;4
2026-09-30;LIS2;WTS-PRP-S;3
2026-09-30;OPO1;WTS-PRP-S;2
2026-09-30;OPO2;WTS-PRP-S;1
2026-09-30;MAD1;WTS-PRP-S;3
2026-09-30;LON1;WTS-PRP-S;1
2026-09-30;WH-OPO;WTS-PRP-S;32
2026-09-30;WH-WEB;WTS-PRP-S;48
2026-09-30;LIS1;WTS-RED-S;2
2026-09-30;LIS2;WTS-RED-S;4
2026-09-30;OPO1;WTS-RED-S;6
2026-09-30;OPO2;WTS-RED-S;4
2026-09-30;MAD1;WTS-RED-S;5
2026-09-30;LON1;WTS-RED-S;4
2026-09-30;WH-OPO;WTS-RED-S;29
2026-09-30;WH-WEB;WTS-RED-S;49
2026-09-30;LIS1;WTS-GRN-M;8
2026-09-30;LIS2;WTS-GRN-M;3
2026-09-30;OPO1;WTS-GRN-M;5
2026-09-30;OPO2;WTS-GRN-M;4
2026-09-30;MAD1;WTS-GRN-M;6
2026-09-30;LON1;WTS-GRN-M;3
2026-09-30;WH-OPO;WTS-GRN-M;21
2026-09-30;WH-WEB;WTS-GRN-M;50
2026-09-30;LIS1;WTS-OLV-M;15
2026-09-30;LIS2;WTS-OLV-M;8
2026-09-30;OPO1;WTS-OLV-M;3
2026-09-30;OPO2;WTS-OLV-M;1
2026-09-30;MAD1;WTS-OLV-M;7
2026-09-30;LON1;WTS-OLV-M;6
2026-09-30;WH-OPO;WTS-OLV-M;86
2026-09-30;WH-WEB;WTS-OLV-M;46
2026-09-30;LIS1;WTS-OCN-M;13
2026-09-30;LIS2;WTS-OCN-M;0
2026-09-30;OPO1;WTS-OCN-M;7
2026-09-30;OPO2;WTS-OCN-M;7
2026-09-30;MAD1;WTS-OCN-M;8
2026-09-30;LON1;WTS-OCN-M;3
2026-09-30;WH-OPO;WTS-OCN-M;34
2026-09-30;WH-WEB;WTS-OCN-M;46
2026-09-30;LIS1;WTS-PRP-M;6
2026-09-30;LIS2;WTS-PRP-M;1
2026-09-30;OPO1;WTS-PRP-M;4
2026-09-30;OPO2;WTS-PRP-M;1
2026-09-30;MAD1;WTS-PRP-M;5
2026-09-30;LON1;WTS-PRP-M;1
2026-09-30;WH-OPO;WTS-PRP-M;46
2026-09-30;WH-WEB;WTS-PRP-M;49
2026-09-30;LIS1;WTS-RED-M;11
2026-09-30;LIS2;WTS-RED-M;3
2026-09-30;OPO1;WTS-RED-M;6
2026-09-30;OPO2;WTS-RED-M;5
2026-09-30;MAD1;WTS-RED-M;3
2026-09-30;LON1;WTS-RED-M;3
2026-09-30;WH-OPO;WTS-RED-M;55
2026-09-30;WH-WEB;WTS-RED-M;50
2026-09-30;LIS1;WTS-GRN-L;0
2026-09-30;LIS2;WTS-GRN-L;3
2026-09-30;OPO1;WTS-GRN-L;8
2026-09-30;OPO2;WTS-GRN-L;0
2026-09-30;MAD1;WTS-GRN-L;3
2026-09-30;LON1;WTS-GRN-L;4
2026-09-30;WH-OPO;WTS-GRN-L;41
2026-09-30;WH-WEB;WTS-GRN-L;44
2026-09-30;LIS1;WTS-OLV-L;12
2026-09-30;LIS2;WTS-OLV-L;6
2026-09-30;OPO1;WTS-OLV-L;5
2026-09-30;OPO2;WTS-OLV-L;3
2026-09-30;MAD1;WTS-OLV-L;8
2026-09-30;LON1;WTS-OLV-L;3
2026-09-30;WH-OPO;WTS-OLV-L;32
2026-09-30;WH-WEB;WTS-OLV-L;49
2026-09-30;LIS1;WTS-OCN-L;11
2026-09-30;LIS2;WTS-OCN-L;8
2026-09-30;OPO1;WTS-OCN-L;3
2026-09-30;OPO2;WTS-OCN-L;4
2026-09-30;MAD1;WTS-OCN-L;4
2026-09-30;LON1;WTS-OCN-L;7
2026-09-30;WH-OPO;WTS-OCN-L;41
2026-09-30;WH-WEB;WTS-OCN-L;48
2026-09-30;LIS1;WTS-PRP-L;6
2026-09-30;LIS2;WTS-PRP-L;2
2026-09-30;OPO1;WTS-PRP-L;2
2026-09-30;OPO2;WTS-PRP-L;1
2026-09-30;MAD1;WTS-PRP-L;3
2026-09-30;LON1;WTS-PRP-L;2
2026-09-30;WH-OPO;WTS-PRP-L;27
2026-09-30;WH-WEB;WTS-PRP-L;50
2026-09-30;LIS1;WTS-RED-L;5
2026-09-30;LIS2;WTS-RED-L;3
2026-09-30;OPO1;WTS-RED-L;5
2026-09-30;OPO2;WTS-RED-L;2
2026-09-30;MAD1;WTS-RED-L;5
2026-09-30;LON1;WTS-RED-L;4
2026-09-30;WH-OPO;WTS-RED-L;13
2026-09-30;WH-WEB;WTS-RED-L;49
2026-09-30;LIS1;WTS-GRN-XL;4
2026-09-30;LIS2;WTS-GRN-XL;0
2026-09-30;OPO1;WTS-GRN-XL;5
2026-09-30;OPO2;WTS-GRN-XL;1
2026-09-30;MAD1;WTS-GRN-XL;1
2026-09-30;LON1;WTS-GRN-XL;1
2026-09-30;WH-OPO;WTS-GRN-XL;10
2026-09-30;WH-WEB;WTS-GRN-XL;50
2026-09-30;LIS1;WTS-OLV-XL;6
2026-09-30;LIS2;WTS-OLV-XL;2
2026-09-30;OPO1;WTS-OLV-XL;4
2026-09-30;OPO2;WTS-OLV-XL;3
2026-09-30;MAD1;WTS-OLV-XL;4
2026-09-30;LON1;WTS-OLV-XL;3
2026-09-30;WH-OPO;WTS-OLV-XL;11
2026-09-30;WH-WEB;WTS-OLV-XL;50
2026-09-30;LIS1;WTS-OCN-XL;0
2026-09-30;LIS2;WTS-OCN-XL;2
2026-09-30;OPO1;WTS-OCN-XL;4
2026-09-30;OPO2;WTS-OCN-XL;3
2026-09-30;MAD1;WTS-OCN-XL;2
2026-09-30;LON1;WTS-OCN-XL;3
2026-09-30;WH-OPO;WTS-OCN-XL;32
2026-09-30;WH-WEB;WTS-OCN-XL;49
2026-09-30;LIS1;WTS-PRP-XL;0
2026-09-30;LIS2;WTS-PRP-XL;2
2026-09-30;OPO1;WTS-PRP-XL;3
2026-09-30;OPO2;WTS-PRP-XL;2
2026-09-30;MAD1;WTS-PRP-XL;1
2026-09-30;LON1;WTS-PRP-XL;1
2026-09-30;WH-OPO;WTS-PRP-XL;21
2026-09-30;WH-WEB;WTS-PRP-XL;49
2026-09-30;LIS1;WTS-RED-XL;5
2026-09-30;LIS2;WTS-RED-XL;4
2026-09-30;OPO1;WTS-RED-XL;2
2026-09-30;OPO2;WTS-RED-XL;1
2026-09-30;MAD1;WTS-RED-XL;3
2026-09-30;LON1;WTS-RED-XL;2
2026-09-30;WH-OPO;WTS-RED-XL;29
2026-09-30;WH-WEB;WTS-RED-XL;50
2026-09-30;LIS1;CSN-GRN-4;2
2026-09-30;LIS2;CSN-GRN-4;1
2026-09-30;OPO1;CSN-GRN-4;1
2026-09-30;OPO2;CSN-GRN-4;0
2026-09-30;MAD1;CSN-GRN-4;1
2026-09-30;LON1;CSN-GRN-4;0
2026-09-30;WH-OPO;CSN-GRN-4;10
2026-09-30;WH-WEB;CSN-GRN-4;47
2026-09-30;LIS1;CSN-OLV-4;1
2026-09-30;LIS2;CSN-OLV-4;2
2026-09-30;OPO1;CSN-OLV-4;0
2026-09-30;OPO2;CSN-OLV-4;1
2026-09-30;MAD1;CSN-OLV-4;1
2026-09-30;LON1;CSN-OLV-4;1
2026-09-30;WH-OPO;CSN-OLV-4;5
2026-09-30;WH-WEB;CSN-OLV-4;50
2026-09-30;LIS1;CSN-OCN-4;2
2026-09-30;LIS2;CSN-OCN-4;1
2026-09-30;OPO1;CSN-OCN-4;1
2026-09-30;OPO2;CSN-OCN-4;1
2026-09-30;MAD1;CSN-OCN-4;1
2026-09-30;LON1;CSN-OCN-4;1
2026-09-30;WH-OPO;CSN-OCN-4;10
2026-09-30;WH-WEB;CSN-OCN-4;50
2026-09-30;LIS1;CSN-PRP-4;1
2026-09-30;LIS2;CSN-PRP-4;0
2026-09-30;OPO1;CSN-PRP-4;1
2026-09-30;OPO2;CSN-PRP-4;0
2026-09-30;MAD1;CSN-PRP-4;1
2026-09-30;LON1;CSN-PRP-4;0
2026-09-30;WH-OPO;CSN-PRP-4;8
2026-09-30;WH-WEB;CSN-PRP-4;50
2026-09-30;LIS1;CSN-RED-4;0
2026-09-30;LIS2;CSN-RED-4;1
2026-09-30;OPO1;CSN-RED-4;1
2026-09-30;OPO2;CSN-RED-4;0
2026-09-30;MAD1;CSN-RED-4;0
2026-09-30;LON1;CSN-RED-4;1
2026-09-30;WH-OPO;CSN-RED-4;8
2026-09-30;WH-WEB;CSN-RED-4;49
2026-09-30;LIS1;CSN-GRN-5;0
2026-09-30;LIS2;CSN-GRN-5;0
2026-09-30;OPO1;CSN-GRN-5;1
2026-09-30;OPO2;CSN-GRN-5;1
2026-09-30;MAD1;CSN-GRN-5;0
2026-09-30;LON1;CSN-GRN-5;0
2026-09-30;WH-OPO;CSN-GRN-5;5
2026-09-30;WH-WEB;CSN-GRN-5;50
2026-09-30;LIS1;CSN-OLV-5;1
2026-09-30;LIS2;CSN-OLV-5;0
2026-09-30;OPO1;CSN-OLV-5;2
2026-09-30;OPO2;CSN-OLV-5;1
2026-09-30;MAD1;CSN-OLV-5;1
2026-09-30;LON1;CSN-OLV-5;1
2026-09-30;WH-OPO;CSN-OLV-5;6
2026-09-30;WH-WEB;CSN-OLV-5;50
2026-09-30;LIS1;CSN-OCN-5;2
2026-09-30;LIS2;CSN-OCN-5;0
2026-09-30;OPO1;CSN-OCN-5;2
2026-09-30;OPO2;CSN-OCN-5;1
2026-09-30;MAD1;CSN-OCN-5;0
2026-09-30;LON1;CSN-OCN-5;0
2026-09-30;WH-OPO;CSN-OCN-5;13
2026-09-30;WH-WEB;CSN-OCN-5;50
2026-09-30;LIS1;CSN-PRP-5;1
2026-09-30;LIS2;CSN-PRP-5;1
2026-09-30;OPO1;CSN-PRP-5;2
2026-09-30;OPO2;CSN-PRP-5;0
2026-09-30;MAD1;CSN-PRP-5;0
2026-09-30;LON1;CSN-PRP-5;1
2026-09-30;WH-OPO;CSN-PRP-5;8
2026-09-30;WH-WEB;CSN-PRP-5;50
2026-09-30;LIS1;CSN-RED-5;1
2026-09-30;LIS2;CSN-RED-5;1
2026-09-30;OPO1;CSN-RED-5;0
2026-09-30;OPO2;CSN-RED-5;0
2026-09-30;MAD1;CSN-RED-5;1
2026-09-30;LON1;CSN-RED-5;1
2026-09-30;WH-OPO;CSN-RED-5;8
2026-09-30;WH-WEB;CSN-RED-5;50
2026-09-30;LIS1;CSN-GRN-6;2
2026-09-30;LIS2;CSN-GRN-6;1
2026-09-30;OPO1;CSN-GRN-6;1
2026-09-30;OPO2;CSN-GRN-6;1
2026-09-30;MAD1;CSN-GRN-6;1
2026-09-30;LON1;CSN-GRN-6;1
2026-09-30;WH-OPO;CSN-GRN-6;6
2026-09-30;WH-WEB;CSN-GRN-6;50
2026-09-30;LIS1;CSN-OLV-6;2
2026-09-30;LIS2;CSN-OLV-6;2
2026-09-30;OPO1;CSN-OLV-6;3
2026-09-30;OPO2;CSN-OLV-6;0
2026-09-30;MAD1;CSN-OLV-6;2
2026-09-30;LON1;CSN-OLV-6;1
2026-09-30;WH-OPO;CSN-OLV-6;6
2026-09-30;WH-WEB;CSN-OLV-6;50
2026-09-30;LIS1;CSN-OCN-6;1
2026-09-30;LIS2;CSN-OCN-6;1
2026-09-30;OPO1;CSN-OCN-6;2
2026-09-30;OPO2;CSN-OCN-6;1
2026-09-30;MAD1;CSN-OCN-6;1
2026-09-30;LON1;CSN-OCN-6;1
2026-09-30;WH-OPO;CSN-OCN-6;14
2026-09-30;WH-WEB;CSN-OCN-6;49
2026-09-30;LIS1;CSN-PRP-6;1
2026-09-30;LIS2;CSN-PRP-6;1
2026-09-30;OPO1;CSN-PRP-6;1
2026-09-30;OPO2;CSN-PRP-6;1
2026-09-30;MAD1;CSN-PRP-6;1
2026-09-30;LON1;CSN-PRP-6;1
2026-09-30;WH-OPO;CSN-PRP-6;9
2026-09-30;WH-WEB;CSN-PRP-6;50
2026-09-30;LIS1;CSN-RED-6;2
2026-09-30;LIS2;CSN-RED-6;1
2026-09-30;OPO1;CSN-RED-6;2
2026-09-30;OPO2;CSN-RED-6;1
2026-09-30;MAD1;CSN-RED-6;0
2026-09-30;LON1;CSN-RED-6;1
2026-09-30;WH-OPO;CSN-RED-6;3
2026-09-30;WH-WEB;CSN-RED-6;50
2026-09-30;LIS1;CSN-GRN-7;1
2026-09-30;LIS2;CSN-GRN-7;0
2026-09-30;OPO1;CSN-GRN-7;1
2026-09-30;OPO2;CSN-GRN-7;0
2026-09-30;MAD1;CSN-GRN-7;0
2026-09-30;LON1;CSN-GRN-7;1
2026-09-30;WH-OPO;CSN-GRN-7;7
2026-09-30;WH-WEB;CSN-GRN-7;50
2026-09-30;LIS1;CSN-OLV-7;1
2026-09-30;LIS2;CSN-OLV-7;1
2026-09-30;OPO1;CSN-OLV-7;1
2026-09-30;OPO2;CSN-OLV-7;0
2026-09-30;MAD1;CSN-OLV-7;1
2026-09-30;LON1;CSN-OLV-7;1
2026-09-30;WH-OPO;CSN-OLV-7;9
2026-09-30;WH-WEB;CSN-OLV-7;50
2026-09-30;LIS1;CSN-OCN-7;1
2026-09-30;LIS2;CSN-OCN-7;1
2026-09-30;OPO1;CSN-OCN-7;0
2026-09-30;OPO2;CSN-OCN-7;1
2026-09-30;MAD1;CSN-OCN-7;1
2026-09-30;LON1;CSN-OCN-7;1
2026-09-30;WH-OPO;CSN-OCN-7;14
2026-09-30;WH-WEB;CSN-OCN-7;50
2026-09-30;LIS1;CSN-PRP-7;0
2026-09-30;LIS2;CSN-PRP-7;1
2026-09-30;OPO1;CSN-PRP-7;2
2026-09-30;OPO2;CSN-PRP-7;1
2026-09-30;MAD1;CSN-PRP-7;0
2026-09-30;LON1;CSN-PRP-7;0
2026-09-30;WH-OPO;CSN-PRP-7;9
2026-09-30;WH-WEB;CSN-PRP-7;50
2026-09-30;LIS1;CSN-RED-7;2
2026-09-30;LIS2;CSN-RED-7;1
2026-09-30;OPO1;CSN-RED-7;2
2026-09-30;OPO2;CSN-RED-7;1
2026-09-30;MAD1;CSN-RED-7;1
2026-09-30;LON1;CSN-RED-7;1
2026-09-30;WH-OPO;CSN-RED-7;11
2026-09-30;WH-WEB;CSN-RED-7;50
2026-09-30;LIS1;CSN-GRN-8;2
2026-09-30;LIS2;CSN-GRN-8;1
2026-09-30;OPO1;CSN-GRN-8;1
2026-09-30;OPO2;CSN-GRN-8;0
2026-09-30;MAD1;CSN-GRN-8;1
2026-09-30;LON1;CSN-GRN-8;1
2026-09-30;WH-OPO;CSN-GRN-8;7
2026-09-30;WH-WEB;CSN-GRN-8;50
2026-09-30;LIS1;CSN-OLV-8;1
2026-09-30;LIS2;CSN-OLV-8;2
2026-09-30;OPO1;CSN-OLV-8;1
2026-09-30;OPO2;CSN-OLV-8;1
2026-09-30;MAD1;CSN-OLV-8;1
2026-09-30;LON1;CSN-OLV-8;0
2026-09-30;WH-OPO;CSN-OLV-8;14
2026-09-30;WH-WEB;CSN-OLV-8;50
2026-09-30;LIS1;CSN-OCN-8;2
2026-09-30;LIS2;CSN-OCN-8;1
2026-09-30;OPO1;CSN-OCN-8;2
2026-09-30;OPO2;CSN-OCN-8;1
2026-09-30;MAD1;CSN-OCN-8;1
2026-09-30;LON1;CSN-OCN-8;1
2026-09-30;WH-OPO;CSN-OCN-8;10
2026-09-30;WH-WEB;CSN-OCN-8;50
2026-09-30;LIS1;CSN-PRP-8;0
2026-09-30;LIS2;CSN-PRP-8;1
2026-09-30;OPO1;CSN-PRP-8;0
2026-09-30;OPO2;CSN-PRP-8;1
2026-09-30;MAD1;CSN-PRP-8;1
2026-09-30;LON1;CSN-PRP-8;1
2026-09-30;WH-OPO;CSN-PRP-8;8
2026-09-30;WH-WEB;CSN-PRP-8;100
2026-09-30;LIS1;CSN-RED-8;0
2026-09-30;LIS2;CSN-RED-8;0
2026-09-30;OPO1;CSN-RED-8;2
2026-09-30;OPO2;CSN-RED-8;1
2026-09-30;MAD1;CSN-RED-8;1
2026-09-30;LON1;CSN-RED-8;1
2026-09-30;WH-OPO;CSN-RED-8;4
2026-09-30;WH-WEB;CSN-RED-8;50
2026-09-30;LIS1;CSN-GRN-9;2
2026-09-30;LIS2;CSN-GRN-9;0
2026-09-30;OPO1;CSN-GRN-9;2
2026-09-30;OPO2;CSN-GRN-9;1
2026-09-30;MAD1;CSN-GRN-9;1
2026-09-30;LON1;CSN-GRN-9;0
2026-09-30;WH-OPO;CSN-GRN-9;6
2026-09-30;WH-WEB;CSN-GRN-9;50
2026-09-30;LIS1;CSN-OLV-9;2
2026-09-30;LIS2;CSN-OLV-9;0
2026-09-30;OPO1;CSN-OLV-9;2
2026-09-30;OPO2;CSN-OLV-9;1
2026-09-30;MAD1;CSN-OLV-9;2
2026-09-30;LON1;CSN-OLV-9;0
2026-09-30;WH-OPO;CSN-OLV-9;10
2026-09-30;WH-WEB;CSN-OLV-9;50
2026-09-30;LIS1;CSN-OCN-9;1
2026-09-30;LIS2;CSN-OCN-9;1
2026-09-30;OPO1;CSN-OCN-9;1
2026-09-30;OPO2;CSN-OCN-9;0
2026-09-30;MAD1;CSN-OCN-9;1
2026-09-30;LON1;CSN-OCN-9;1
2026-09-30;WH-OPO;CSN-OCN-9;17
2026-09-30;WH-WEB;CSN-OCN-9;50
2026-09-30;LIS1;CSN-PRP-9;0
2026-09-30;LIS2;CSN-PRP-9;1
2026-09-30;OPO1;CSN-PRP-9;0
2026-09-30;OPO2;CSN-PRP-9;0
2026-09-30;MAD1;CSN-PRP-9;0
2026-09-30;LON1;CSN-PRP-9;1
2026-09-30;WH-OPO;CSN-PRP-9;8
2026-09-30;WH-WEB;CSN-PRP-9;50
2026-09-30;LIS1;CSN-RED-9;2
2026-09-30;LIS2;CSN-RED-9;1
2026-09-30;OPO1;CSN-RED-9;0
2026-09-30;OPO2;CSN-RED-9;1
2026-09-30;MAD1;CSN-RED-9;1
2026-09-30;LON1;CSN-RED-9;1
2026-09-30;WH-OPO;CSN-RED-9;12
2026-09-30;WH-WEB;CSN-RED-9;100
2026-09-30;LIS1;CSN-GRN-10;1
2026-09-30;LIS2;CSN-GRN-10;1
2026-09-30;OPO1;CSN-GRN-10;1
2026-09-30;OPO2;CSN-GRN-10;1
2026-09-30;MAD1;CSN-GRN-10;1
2026-09-30;LON1;CSN-GRN-10;0
2026-09-30;WH-OPO;CSN-GRN-10;5
2026-09-30;WH-WEB;CSN-GRN-10;100
2026-09-30;LIS1;CSN-OLV-10;2
2026-09-30;LIS2;CSN-OLV-10;0
2026-09-30;OPO1;CSN-OLV-10;2
2026-09-30;OPO2;CSN-OLV-10;1
2026-09-30;MAD1;CSN-OLV-10;1
2026-09-30;LON1;CSN-OLV-10;1
2026-09-30;WH-OPO;CSN-OLV-10;13
2026-09-30;WH-WEB;CSN-OLV-10;50
2026-09-30;LIS1;CSN-OCN-10;3
2026-09-30;LIS2;CSN-OCN-10;1
2026-09-30;OPO1;CSN-OCN-10;0
2026-09-30;OPO2;CSN-OCN-10;0
2026-09-30;MAD1;CSN-OCN-10;2
2026-09-30;LON1;CSN-OCN-10;1
2026-09-30;WH-OPO;CSN-OCN-10;7
2026-09-30;WH-WEB;CSN-OCN-10;50
2026-09-30;LIS1;CSN-PRP-10;0
2026-09-30;LIS2;CSN-PRP-10;1
2026-09-30;OPO1;CSN-PRP-10;0
2026-09-30;OPO2;CSN-PRP-10;0
2026-09-30;MAD1;CSN-PRP-10;1
2026-09-30;LON1;CSN-PRP-10;1
2026-09-30;WH-OPO;CSN-PRP-10;7
2026-09-30;WH-WEB;CSN-PRP-10;50
2026-09-30;LIS1;CSN-RED-10;2
2026-09-30;LIS2;CSN-RED-10;1
2026-09-30;OPO1;CSN-RED-10;1
2026-09-30;OPO2;CSN-RED-10;1
2026-09-30;MAD1;CSN-RED-10;0
2026-09-30;LON1;CSN-RED-10;1
2026-09-30;WH-OPO;CSN-RED-10;6
2026-09-30;WH-WEB;CSN-RED-10;50
2026-09-30;LIS1;CSN-GRN-11;1
2026-09-30;LIS2;CSN-GRN-11;0
2026-09-30;OPO1;CSN-GRN-11;0
2026-09-30;OPO2;CSN-GRN-11;1
2026-09-30;MAD1;CSN-GRN-11;1
2026-09-30;LON1;CSN-GRN-11;1
2026-09-30;WH-OPO;CSN-GRN-11;5
2026-09-30;WH-WEB;CSN-GRN-11;49
2026-09-30;LIS1;CSN-OLV-11;2
2026-09-30;LIS2;CSN-OLV-11;2
2026-09-30;OPO1;CSN-OLV-11;1
2026-09-30;OPO2;CSN-OLV-11;1
2026-09-30;MAD1;CSN-OLV-11;1
2026-09-30;LON1;CSN-OLV-11;0
2026-09-30;WH-OPO;CSN-OLV-11;8
2026-09-30;WH-WEB;CSN-OLV-11;50
2026-09-30;LIS1;CSN-OCN-11;2
2026-09-30;LIS2;CSN-OCN-11;1
2026-09-30;OPO1;CSN-OCN-11;1
2026-09-30;OPO2;CSN-OCN-11;1
2026-09-30;MAD1;CSN-OCN-11;0
2026-09-30;LON1;CSN-OCN-11;0
2026-09-30;WH-OPO;CSN-OCN-11;11
2026-09-30;WH-WEB;CSN-OCN-11;50
2026-09-30;LIS1;CSN-PRP-11;2
2026-09-30;LIS2;CSN-PRP-11;0
2026-09-30;OPO1;CSN-PRP-11;1
2026-09-30;OPO2;CSN-PRP-11;0
2026-09-30;MAD1;CSN-PRP-11;1
2026-09-30;LON1;CSN-PRP-11;1
2026-09-30;WH-OPO;CSN-PRP-11;4
2026-09-30;WH-WEB;CSN-PRP-11;50
2026-09-30;LIS1;CSN-RED-11;2
2026-09-30;LIS2;CSN-RED-11;1
2026-09-30;OPO1;CSN-RED-11;1
2026-09-30;OPO2;CSN-RED-11;1
2026-09-30;MAD1;CSN-RED-11;1
2026-09-30;LON1;CSN-RED-11;0
2026-09-30;WH-OPO;CSN-RED-11;4
2026-09-30;WH-WEB;CSN-RED-11;50
2026-09-30;LIS1;CSN-GRN-12;2
2026-09-30;LIS2;CSN-GRN-12;1
2026-09-30;OPO1;CSN-GRN-12;0
2026-09-30;OPO2;CSN-GRN-12;0
2026-09-30;MAD1;CSN-GRN-12;1
2026-09-30;LON1;CSN-GRN-12;1
2026-09-30;WH-OPO;CSN-GRN-12;7
2026-09-30;WH-WEB;CSN-GRN-12;50
2026-09-30;LIS1;CSN-OLV-12;2
2026-09-30;LIS2;CSN-OLV-12;2
2026-09-30;OPO1;CSN-OLV-12;2
2026-09-30;OPO2;CSN-OLV-12;1
2026-09-30;MAD1;CSN-OLV-12;1
2026-09-30;LON1;CSN-OLV-12;1
2026-09-30;WH-OPO;CSN-OLV-12;15
2026-09-30;WH-WEB;CSN-OLV-12;50
2026-09-30;LIS1;CSN-OCN-12;2
2026-09-30;LIS2;CSN-OCN-12;0
2026-09-30;OPO1;CSN-OCN-12;2
2026-09-30;OPO2;CSN-OCN-12;1
2026-09-30;MAD1;CSN-OCN-12;2
2026-09-30;LON1;CSN-OCN-12;1
2026-09-30;WH-OPO;CSN-OCN-12;11
2026-09-30;WH-WEB;CSN-OCN-12;50
2026-09-30;LIS1;CSN-PRP-12;1
2026-09-30;LIS2;CSN-PRP-12;1
2026-09-30;OPO1;CSN-PRP-12;1
2026-09-30;OPO2;CSN-PRP-12;0
2026-09-30;MAD1;CSN-PRP-12;1
2026-09-30;LON1;CSN-PRP-12;0
2026-09-30;WH-OPO;CSN-PRP-12;11
2026-09-30;WH-WEB;CSN-PRP-12;50
2026-09-30;LIS1;CSN-RED-12;2
2026-09-30;LIS2;CSN-RED-12;1
2026-09-30;OPO1;CSN-RED-12;1
2026-09-30;OPO2;CSN-RED-12;0
2026-09-30;MAD1;CSN-RED-12;1
2026-09-30;LON1;CSN-RED-12;0
2026-09-30;WH-OPO;CSN-RED-12;13
2026-09-30;WH-WEB;CSN-RED-12;100
2026-09-30;LIS1;FRO-GRN-OS;1
2026-09-30;LIS2;FRO-GRN-OS;1
2026-09-30;OPO1;FRO-GRN-OS;1
2026-09-30;OPO2;FRO-GRN-OS;0
2026-09-30;MAD1;FRO-GRN-OS;0
2026-09-30;LON1;FRO-GRN-OS;0
2026-09-30;WH-OPO;FRO-GRN-OS;10
2026-09-30;WH-WEB;FRO-GRN-OS;47
2026-09-30;LIS1;FRO-OLV-OS;2
2026-09-30;LIS2;FRO-OLV-OS;2
2026-09-30;OPO1;FRO-OLV-OS;1
2026-09-30;OPO2;FRO-OLV-OS;1
2026-09-30;MAD1;FRO-OLV-OS;1
2026-09-30;LON1;FRO-OLV-OS;1
2026-09-30;WH-OPO;FRO-OLV-OS;15
2026-09-30;WH-WEB;FRO-OLV-OS;50
2026-09-30;LIS1;FRO-OCN-OS;1
2026-09-30;LIS2;FRO-OCN-OS;1
2026-09-30;OPO1;FRO-OCN-OS;2
2026-09-30;OPO2;FRO-OCN-OS;1
2026-09-30;MAD1;FRO-OCN-OS;0
2026-09-30;LON1;FRO-OCN-OS;0
2026-09-30;WH-OPO;FRO-OCN-OS;9
2026-09-30;WH-WEB;FRO-OCN-OS;49
2026-09-30;LIS1;FRO-PRP-OS;0
2026-09-30;LIS2;FRO-PRP-OS;1
2026-09-30;OPO1;FRO-PRP-OS;0
2026-09-30;OPO2;FRO-PRP-OS;0
2026-09-30;MAD1;FRO-PRP-OS;0
2026-09-30;LON1;FRO-PRP-OS;1
2026-09-30;WH-OPO;FRO-PRP-OS;9
2026-09-30;WH-WEB;FRO-PRP-OS;50
2026-09-30;LIS1;FRO-RED-OS;1
2026-09-30;LIS2;FRO-RED-OS;0
2026-09-30;OPO1;FRO-RED-OS;0
2026-09-30;OPO2;FRO-RED-OS;1
2026-09-30;MAD1;FRO-RED-OS;0
2026-09-30;LON1;FRO-RED-OS;1
2026-09-30;WH-OPO;FRO-RED-OS;6
2026-09-30;WH-WEB;FRO-RED-OS;49
2026-09-30;LIS1;HZI-GRN-S;0
2026-09-30;LIS2;HZI-GRN-S;0
2026-09-30;OPO1;HZI-GRN-S;0
2026-09-30;OPO2;HZI-GRN-S;0
2026-09-30;MAD1;HZI-GRN-S;0
2026-09-30;LON1;HZI-GRN-S;0
2026-09-30;WH-OPO;HZI-GRN-S;4
2026-09-30;WH-WEB;HZI-GRN-S;45
2026-09-30;LIS1;HZI-OLV-S;0
2026-09-30;LIS2;HZI-OLV-S;0
2026-09-30;OPO1;HZI-OLV-S;0
2026-09-30;OPO2;HZI-OLV-S;0
2026-09-30;MAD1;HZI-OLV-S;0
2026-09-30;LON1;HZI-OLV-S;0
2026-09-30;WH-OPO;HZI-OLV-S;11
2026-09-30;WH-WEB;HZI-OLV-S;50
2026-09-30;LIS1;HZI-OCN-S;0
2026-09-30;LIS2;HZI-OCN-S;0
2026-09-30;OPO1;HZI-OCN-S;0
2026-09-30;OPO2;HZI-OCN-S;0
2026-09-30;MAD1;HZI-OCN-S;0
2026-09-30;LON1;HZI-OCN-S;0
2026-09-30;WH-OPO;HZI-OCN-S;11
2026-09-30;WH-WEB;HZI-OCN-S;48
2026-09-30;LIS1;HZI-PRP-S;0
2026-09-30;LIS2;HZI-PRP-S;0
2026-09-30;OPO1;HZI-PRP-S;0
2026-09-30;OPO2;HZI-PRP-S;0
2026-09-30;MAD1;HZI-PRP-S;0
2026-09-30;LON1;HZI-PRP-S;0
2026-09-30;WH-OPO;HZI-PRP-S;6
2026-09-30;WH-WEB;HZI-PRP-S;49
2026-09-30;LIS1;HZI-RED-S;0
2026-09-30;LIS2;HZI-RED-S;0
2026-09-30;OPO1;HZI-RED-S;0
2026-09-30;OPO2;HZI-RED-S;0
2026-09-30;MAD1;HZI-RED-S;0
2026-09-30;LON1;HZI-RED-S;0
2026-09-30;WH-OPO;HZI-RED-S;5
2026-09-30;WH-WEB;HZI-RED-S;49
2026-09-30;LIS1;HZI-GRN-L;0
2026-09-30;LIS2;HZI-GRN-L;0
2026-09-30;OPO1;HZI-GRN-L;0
2026-09-30;OPO2;HZI-GRN-L;0
2026-09-30;MAD1;HZI-GRN-L;0
2026-09-30;LON1;HZI-GRN-L;0
2026-09-30;WH-OPO;HZI-GRN-L;4
2026-09-30;WH-WEB;HZI-GRN-L;49
2026-09-30;LIS1;HZI-OLV-L;1
2026-09-30;LIS2;HZI-OLV-L;0
2026-09-30;OPO1;HZI-OLV-L;0
2026-09-30;OPO2;HZI-OLV-L;0
2026-09-30;MAD1;HZI-OLV-L;0
2026-09-30;LON1;HZI-OLV-L;0
2026-09-30;WH-OPO;HZI-OLV-L;8
2026-09-30;WH-WEB;HZI-OLV-L;50
2026-09-30;LIS1;HZI-OCN-L;0
2026-09-30;LIS2;HZI-OCN-L;0
2026-09-30;OPO1;HZI-OCN-L;0
2026-09-30;OPO2;HZI-OCN-L;0
2026-09-30;MAD1;HZI-OCN-L;0
2026-09-30;LON1;HZI-OCN-L;0
2026-09-30;WH-OPO;HZI-OCN-L;26
2026-09-30;WH-WEB;HZI-OCN-L;48
2026-09-30;LIS1;HZI-PRP-L;0
2026-09-30;LIS2;HZI-PRP-L;0
2026-09-30;OPO1;HZI-PRP-L;0
2026-09-30;OPO2;HZI-PRP-L;0
2026-09-30;MAD1;HZI-PRP-L;0
2026-09-30;LON1;HZI-PRP-L;0
2026-09-30;WH-OPO;HZI-PRP-L;12
2026-09-30;WH-WEB;HZI-PRP-L;50
2026-09-30;LIS1;HZI-RED-L;0
2026-09-30;LIS2;HZI-RED-L;0
2026-09-30;OPO1;HZI-RED-L;0
2026-09-30;OPO2;HZI-RED-L;0
2026-09-30;MAD1;HZI-RED-L;0
2026-09-30;LON1;HZI-RED-L;0
2026-09-30;WH-OPO;HZI-RED-L;10
2026-09-30;WH-WEB;HZI-RED-L;49
2026-09-30;LIS1;LEG-GRN-S;1
2026-09-30;LIS2;LEG-GRN-S;2
2026-09-30;OPO1;LEG-GRN-S;2
2026-09-30;OPO2;LEG-GRN-S;0
2026-09-30;MAD1;LEG-GRN-S;1
2026-09-30;LON1;LEG-GRN-S;0
2026-09-30;WH-OPO;LEG-GRN-S;13
2026-09-30;WH-WEB;LEG-GRN-S;0
2026-09-30;LIS1;LEG-OLV-S;1
2026-09-30;LIS2;LEG-OLV-S;0
2026-09-30;OPO1;LEG-OLV-S;1
2026-09-30;OPO2;LEG-OLV-S;1
2026-09-30;MAD1;LEG-OLV-S;2
2026-09-30;LON1;LEG-OLV-S;2
2026-09-30;WH-OPO;LEG-OLV-S;9
2026-09-30;WH-WEB;LEG-OLV-S;0
2026-09-30;LIS1;LEG-OCN-S;0
2026-09-30;LIS2;LEG-OCN-S;2
2026-09-30;OPO1;LEG-OCN-S;1
2026-09-30;OPO2;LEG-OCN-S;0
2026-09-30;MAD1;LEG-OCN-S;2
2026-09-30;LON1;LEG-OCN-S;2
2026-09-30;WH-OPO;LEG-OCN-S;17
2026-09-30;WH-WEB;LEG-OCN-S;0
2026-09-30;LIS1;LEG-PRP-S;2
2026-09-30;LIS2;LEG-PRP-S;1
2026-09-30;OPO1;LEG-PRP-S;1
2026-09-30;OPO2;LEG-PRP-S;0
2026-09-30;MAD1;LEG-PRP-S;1
2026-09-30;LON1;LEG-PRP-S;1
2026-09-30;WH-OPO;LEG-PRP-S;12
2026-09-30;WH-WEB;LEG-PRP-S;0
2026-09-30;LIS1;LEG-RED-S;2
2026-09-30;LIS2;LEG-RED-S;2
2026-09-30;OPO1;LEG-RED-S;0
2026-09-30;OPO2;LEG-RED-S;1
2026-09-30;MAD1;LEG-RED-S;1
2026-09-30;LON1;LEG-RED-S;0
2026-09-30;WH-OPO;LEG-RED-S;15
2026-09-30;WH-WEB;LEG-RED-S;0
2026-09-30;LIS1;LEG-GRN-M;4
2026-09-30;LIS2;LEG-GRN-M;1
2026-09-30;OPO1;LEG-GRN-M;4
2026-09-30;OPO2;LEG-GRN-M;0
2026-09-30;MAD1;LEG-GRN-M;1
2026-09-30;LON1;LEG-GRN-M;2
2026-09-30;WH-OPO;LEG-GRN-M;8
2026-09-30;WH-WEB;LEG-GRN-M;0
2026-09-30;LIS1;LEG-OLV-M;6
2026-09-30;LIS2;LEG-OLV-M;1
2026-09-30;OPO1;LEG-OLV-M;5
2026-09-30;OPO2;LEG-OLV-M;1
2026-09-30;MAD1;LEG-OLV-M;4
2026-09-30;LON1;LEG-OLV-M;0
2026-09-30;WH-OPO;LEG-OLV-M;29
2026-09-30;WH-WEB;LEG-OLV-M;0
2026-09-30;LIS1;LEG-OCN-M;0
2026-09-30;LIS2;LEG-OCN-M;0
2026-09-30;OPO1;LEG-OCN-M;5
2026-09-30;OPO2;LEG-OCN-M;2
2026-09-30;MAD1;LEG-OCN-M;3
2026-09-30;LON1;LEG-OCN-M;3
2026-09-30;WH-OPO;LEG-OCN-M;20
2026-09-30;WH-WEB;LEG-OCN-M;0
2026-09-30;LIS1;LEG-PRP-M;2
2026-09-30;LIS2;LEG-PRP-M;1
2026-09-30;OPO1;LEG-PRP-M;2
2026-09-30;OPO2;LEG-PRP-M;2
2026-09-30;MAD1;LEG-PRP-M;2
2026-09-30;LON1;LEG-PRP-M;1
2026-09-30;WH-OPO;LEG-PRP-M;21
2026-09-30;WH-WEB;LEG-PRP-M;0
2026-09-30;LIS1;LEG-RED-M;1
2026-09-30;LIS2;LEG-RED-M;2
2026-09-30;OPO1;LEG-RED-M;3
2026-09-30;OPO2;LEG-RED-M;1
2026-09-30;MAD1;LEG-RED-M;2
2026-09-30;LON1;LEG-RED-M;0
2026-09-30;WH-OPO;LEG-RED-M;27
2026-09-30;WH-WEB;LEG-RED-M;0
2026-09-30;LIS1;LEG-GRN-L;2
2026-09-30;LIS2;LEG-GRN-L;1
2026-09-30;OPO1;LEG-GRN-L;1
2026-09-30;OPO2;LEG-GRN-L;2
2026-09-30;MAD1;LEG-GRN-L;0
2026-09-30;LON1;LEG-GRN-L;1
2026-09-30;WH-OPO;LEG-GRN-L;10
2026-09-30;WH-WEB;LEG-GRN-L;0
2026-09-30;LIS1;LEG-OLV-L;2
2026-09-30;LIS2;LEG-OLV-L;2
2026-09-30;OPO1;LEG-OLV-L;4
2026-09-30;OPO2;LEG-OLV-L;2
2026-09-30;MAD1;LEG-OLV-L;2
2026-09-30;LON1;LEG-OLV-L;2
2026-09-30;WH-OPO;LEG-OLV-L;10
2026-09-30;WH-WEB;LEG-OLV-L;0
2026-09-30;LIS1;LEG-OCN-L;2
2026-09-30;LIS2;LEG-OCN-L;3
2026-09-30;OPO1;LEG-OCN-L;1
2026-09-30;OPO2;LEG-OCN-L;1
2026-09-30;MAD1;LEG-OCN-L;3
2026-09-30;LON1;LEG-OCN-L;3
2026-09-30;WH-OPO;LEG-OCN-L;19
2026-09-30;WH-WEB;LEG-OCN-L;0
2026-09-30;LIS1;LEG-PRP-L;1
2026-09-30;LIS2;LEG-PRP-L;2
2026-09-30;OPO1;LEG-PRP-L;1
2026-09-30;OPO2;LEG-PRP-L;1
2026-09-30;MAD1;LEG-PRP-L;1
2026-09-30;LON1;LEG-PRP-L;1
2026-09-30;WH-OPO;LEG-PRP-L;7
2026-09-30;WH-WEB;LEG-PRP-L;0
2026-09-30;LIS1;LEG-RED-L;1
2026-09-30;LIS2;LEG-RED-L;1
2026-09-30;OPO1;LEG-RED-L;0
2026-09-30;OPO2;LEG-RED-L;2
2026-09-30;MAD1;LEG-RED-L;0
2026-09-30;LON1;LEG-RED-L;0
2026-09-30;WH-OPO;LEG-RED-L;21
2026-09-30;WH-WEB;LEG-RED-L;0
2026-09-30;LIS1;LPU-GRN-S;0
2026-09-30;LIS2;LPU-GRN-S;0
2026-09-30;OPO1;LPU-GRN-S;0
2026-09-30;OPO2;LPU-GRN-S;0
2026-09-30;MAD1;LPU-GRN-S;0
2026-09-30;LON1;LPU-GRN-S;0
2026-09-30;WH-OPO;LPU-GRN-S;0
2026-09-30;WH-WEB;LPU-GRN-S;50
2026-09-30;LIS1;LPU-OLV-S;0
2026-09-30;LIS2;LPU-OLV-S;0
2026-09-30;OPO1;LPU-OLV-S;0
2026-09-30;OPO2;LPU-OLV-S;0
2026-09-30;MAD1;LPU-OLV-S;0
2026-09-30;LON1;LPU-OLV-S;0
2026-09-30;WH-OPO;LPU-OLV-S;3
2026-09-30;WH-WEB;LPU-OLV-S;50
2026-09-30;LIS1;LPU-OCN-S;0
2026-09-30;LIS2;LPU-OCN-S;0
2026-09-30;OPO1;LPU-OCN-S;0
2026-09-30;OPO2;LPU-OCN-S;0
2026-09-30;MAD1;LPU-OCN-S;0
2026-09-30;LON1;LPU-OCN-S;0
2026-09-30;WH-OPO;LPU-OCN-S;1
2026-09-30;WH-WEB;LPU-OCN-S;50
2026-09-30;LIS1;LPU-PRP-S;0
2026-09-30;LIS2;LPU-PRP-S;0
2026-09-30;OPO1;LPU-PRP-S;0
2026-09-30;OPO2;LPU-PRP-S;0
2026-09-30;MAD1;LPU-PRP-S;0
2026-09-30;LON1;LPU-PRP-S;0
2026-09-30;WH-OPO;LPU-PRP-S;2
2026-09-30;WH-WEB;LPU-PRP-S;50
2026-09-30;LIS1;LPU-RED-S;0
2026-09-30;LIS2;LPU-RED-S;0
2026-09-30;OPO1;LPU-RED-S;0
2026-09-30;OPO2;LPU-RED-S;0
2026-09-30;MAD1;LPU-RED-S;0
2026-09-30;LON1;LPU-RED-S;0
2026-09-30;WH-OPO;LPU-RED-S;0
2026-09-30;WH-WEB;LPU-RED-S;49
2026-09-30;LIS1;LPU-GRN-M;0
2026-09-30;LIS2;LPU-GRN-M;0
2026-09-30;OPO1;LPU-GRN-M;0
2026-09-30;OPO2;LPU-GRN-M;0
2026-09-30;MAD1;LPU-GRN-M;0
2026-09-30;LON1;LPU-GRN-M;0
2026-09-30;WH-OPO;LPU-GRN-M;0
2026-09-30;WH-WEB;LPU-GRN-M;50
2026-09-30;LIS1;LPU-OLV-M;0
2026-09-30;LIS2;LPU-OLV-M;0
2026-09-30;OPO1;LPU-OLV-M;0
2026-09-30;OPO2;LPU-OLV-M;0
2026-09-30;MAD1;LPU-OLV-M;0
2026-09-30;LON1;LPU-OLV-M;0
2026-09-30;WH-OPO;LPU-OLV-M;0
2026-09-30;WH-WEB;LPU-OLV-M;50
2026-09-30;LIS1;LPU-OCN-M;0
2026-09-30;LIS2;LPU-OCN-M;0
2026-09-30;OPO1;LPU-OCN-M;0
2026-09-30;OPO2;LPU-OCN-M;0
2026-09-30;MAD1;LPU-OCN-M;0
2026-09-30;LON1;LPU-OCN-M;0
2026-09-30;WH-OPO;LPU-OCN-M;0
2026-09-30;WH-WEB;LPU-OCN-M;50
2026-09-30;LIS1;LPU-PRP-M;0
2026-09-30;LIS2;LPU-PRP-M;0
2026-09-30;OPO1;LPU-PRP-M;0
2026-09-30;OPO2;LPU-PRP-M;0
2026-09-30;MAD1;LPU-PRP-M;0
2026-09-30;LON1;LPU-PRP-M;0
2026-09-30;WH-OPO;LPU-PRP-M;1
2026-09-30;WH-WEB;LPU-PRP-M;50
2026-09-30;LIS1;LPU-RED-M;0
2026-09-30;LIS2;LPU-RED-M;0
2026-09-30;OPO1;LPU-RED-M;0
2026-09-30;OPO2;LPU-RED-M;0
2026-09-30;MAD1;LPU-RED-M;0
2026-09-30;LON1;LPU-RED-M;0
2026-09-30;WH-OPO;LPU-RED-M;0
2026-09-30;WH-WEB;LPU-RED-M;50
2026-09-30;LIS1;LPU-GRN-L;0
2026-09-30;LIS2;LPU-GRN-L;0
2026-09-30;OPO1;LPU-GRN-L;0
2026-09-30;OPO2;LPU-GRN-L;0
2026-09-30;MAD1;LPU-GRN-L;0
2026-09-30;LON1;LPU-GRN-L;0
2026-09-30;WH-OPO;LPU-GRN-L;0
2026-09-30;WH-WEB;LPU-GRN-L;50
2026-09-30;LIS1;LPU-OLV-L;0
2026-09-30;LIS2;LPU-OLV-L;0
2026-09-30;OPO1;LPU-OLV-L;0
2026-09-30;OPO2;LPU-OLV-L;0
2026-09-30;MAD1;LPU-OLV-L;0
2026-09-30;LON1;LPU-OLV-L;0
2026-09-30;WH-OPO;LPU-OLV-L;2
2026-09-30;WH-WEB;LPU-OLV-L;50
2026-09-30;LIS1;LPU-OCN-L;0
2026-09-30;LIS2;LPU-OCN-L;0
2026-09-30;OPO1;LPU-OCN-L;0
2026-09-30;OPO2;LPU-OCN-L;0
2026-09-30;MAD1;LPU-OCN-L;0
2026-09-30;LON1;LPU-OCN-L;0
2026-09-30;WH-OPO;LPU-OCN-L;0
2026-09-30;WH-WEB;LPU-OCN-L;50
2026-09-30;LIS1;LPU-PRP-L;0
2026-09-30;LIS2;LPU-PRP-L;0
2026-09-30;OPO1;LPU-PRP-L;0
2026-09-30;OPO2;LPU-PRP-L;0
2026-09-30;MAD1;LPU-PRP-L;0
2026-09-30;LON1;LPU-PRP-L;0
2026-09-30;WH-OPO;LPU-PRP-L;1
2026-09-30;WH-WEB;LPU-PRP-L;50
2026-09-30;LIS1;LPU-RED-L;0
2026-09-30;LIS2;LPU-RED-L;0
2026-09-30;OPO1;LPU-RED-L;0
2026-09-30;OPO2;LPU-RED-L;0
2026-09-30;MAD1;LPU-RED-L;0
2026-09-30;LON1;LPU-RED-L;0
2026-09-30;WH-OPO;LPU-RED-L;2
2026-09-30;WH-WEB;LPU-RED-L;50
2026-09-30;LIS1;PUF-GRN-S;0
2026-09-30;LIS2;PUF-GRN-S;0
2026-09-30;OPO1;PUF-GRN-S;0
2026-09-30;OPO2;PUF-GRN-S;0
2026-09-30;MAD1;PUF-GRN-S;0
2026-09-30;LON1;PUF-GRN-S;0
2026-09-30;WH-OPO;PUF-GRN-S;9
2026-09-30;WH-WEB;PUF-GRN-S;100
2026-09-30;LIS1;PUF-OLV-S;0
2026-09-30;LIS2;PUF-OLV-S;0
2026-09-30;OPO1;PUF-OLV-S;0
2026-09-30;OPO2;PUF-OLV-S;0
2026-09-30;MAD1;PUF-OLV-S;0
2026-09-30;LON1;PUF-OLV-S;0
2026-09-30;WH-OPO;PUF-OLV-S;19
2026-09-30;WH-WEB;PUF-OLV-S;100
2026-09-30;LIS1;PUF-OCN-S;0
2026-09-30;LIS2;PUF-OCN-S;0
2026-09-30;OPO1;PUF-OCN-S;0
2026-09-30;OPO2;PUF-OCN-S;0
2026-09-30;MAD1;PUF-OCN-S;0
2026-09-30;LON1;PUF-OCN-S;0
2026-09-30;WH-OPO;PUF-OCN-S;9
2026-09-30;WH-WEB;PUF-OCN-S;100
2026-09-30;LIS1;PUF-PRP-S;0
2026-09-30;LIS2;PUF-PRP-S;0
2026-09-30;OPO1;PUF-PRP-S;0
2026-09-30;OPO2;PUF-PRP-S;0
2026-09-30;MAD1;PUF-PRP-S;0
2026-09-30;LON1;PUF-PRP-S;0
2026-09-30;WH-OPO;PUF-PRP-S;10
2026-09-30;WH-WEB;PUF-PRP-S;100
2026-09-30;LIS1;PUF-RED-S;0
2026-09-30;LIS2;PUF-RED-S;0
2026-09-30;OPO1;PUF-RED-S;0
2026-09-30;OPO2;PUF-RED-S;0
2026-09-30;MAD1;PUF-RED-S;0
2026-09-30;LON1;PUF-RED-S;0
2026-09-30;WH-OPO;PUF-RED-S;7
2026-09-30;WH-WEB;PUF-RED-S;100
2026-09-30;LIS1;PUF-GRN-M;0
2026-09-30;LIS2;PUF-GRN-M;0
2026-09-30;OPO1;PUF-GRN-M;0
2026-09-30;OPO2;PUF-GRN-M;0
2026-09-30;MAD1;PUF-GRN-M;0
2026-09-30;LON1;PUF-GRN-M;0
2026-09-30;WH-OPO;PUF-GRN-M;8
2026-09-30;WH-WEB;PUF-GRN-M;100
2026-09-30;LIS1;PUF-OLV-M;0
2026-09-30;LIS2;PUF-OLV-M;0
2026-09-30;OPO1;PUF-OLV-M;0
2026-09-30;OPO2;PUF-OLV-M;0
2026-09-30;MAD1;PUF-OLV-M;0
2026-09-30;LON1;PUF-OLV-M;0
2026-09-30;WH-OPO;PUF-OLV-M;7
2026-09-30;WH-WEB;PUF-OLV-M;100
2026-09-30;LIS1;PUF-OCN-M;0
2026-09-30;LIS2;PUF-OCN-M;0
2026-09-30;OPO1;PUF-OCN-M;1
2026-09-30;OPO2;PUF-OCN-M;0
2026-09-30;MAD1;PUF-OCN-M;0
2026-09-30;LON1;PUF-OCN-M;0
2026-09-30;WH-OPO;PUF-OCN-M;25
2026-09-30;WH-WEB;PUF-OCN-M;100
2026-09-30;LIS1;PUF-PRP-M;0
2026-09-30;LIS2;PUF-PRP-M;0
2026-09-30;OPO1;PUF-PRP-M;0
2026-09-30;OPO2;PUF-PRP-M;0
2026-09-30;MAD1;PUF-PRP-M;0
2026-09-30;LON1;PUF-PRP-M;0
2026-09-30;WH-OPO;PUF-PRP-M;11
2026-09-30;WH-WEB;PUF-PRP-M;100
2026-09-30;LIS1;PUF-RED-M;0
2026-09-30;LIS2;PUF-RED-M;0
2026-09-30;OPO1;PUF-RED-M;0
2026-09-30;OPO2;PUF-RED-M;0
2026-09-30;MAD1;PUF-RED-M;0
2026-09-30;LON1;PUF-RED-M;0
2026-09-30;WH-OPO;PUF-RED-M;15
2026-09-30;WH-WEB;PUF-RED-M;100
2026-09-30;LIS1;PUF-GRN-L;0
2026-09-30;LIS2;PUF-GRN-L;0
2026-09-30;OPO1;PUF-GRN-L;0
2026-09-30;OPO2;PUF-GRN-L;0
2026-09-30;MAD1;PUF-GRN-L;0
2026-09-30;LON1;PUF-GRN-L;0
2026-09-30;WH-OPO;PUF-GRN-L;7
2026-09-30;WH-WEB;PUF-GRN-L;100
2026-09-30;LIS1;PUF-OLV-L;0
2026-09-30;LIS2;PUF-OLV-L;0
2026-09-30;OPO1;PUF-OLV-L;0
2026-09-30;OPO2;PUF-OLV-L;0
2026-09-30;MAD1;PUF-OLV-L;0
2026-09-30;LON1;PUF-OLV-L;0
2026-09-30;WH-OPO;PUF-OLV-L;20
2026-09-30;WH-WEB;PUF-OLV-L;100
2026-09-30;LIS1;PUF-OCN-L;0
2026-09-30;LIS2;PUF-OCN-L;0
2026-09-30;OPO1;PUF-OCN-L;0
2026-09-30;OPO2;PUF-OCN-L;0
2026-09-30;MAD1;PUF-OCN-L;0
2026-09-30;LON1;PUF-OCN-L;0
2026-09-30;WH-OPO;PUF-OCN-L;16
2026-09-30;WH-WEB;PUF-OCN-L;100
2026-09-30;LIS1;PUF-PRP-L;0
2026-09-30;LIS2;PUF-PRP-L;0
2026-09-30;OPO1;PUF-PRP-L;0
2026-09-30;OPO2;PUF-PRP-L;0
2026-09-30;MAD1;PUF-PRP-L;0
2026-09-30;LON1;PUF-PRP-L;0
2026-09-30;WH-OPO;PUF-PRP-L;10
2026-09-30;WH-WEB;PUF-PRP-L;100
2026-09-30;LIS1;PUF-RED-L;0
2026-09-30;LIS2;PUF-RED-L;0
2026-09-30;OPO1;PUF-RED-L;0
2026-09-30;OPO2;PUF-RED-L;0
2026-09-30;MAD1;PUF-RED-L;0
2026-09-30;LON1;PUF-RED-L;0
2026-09-30;WH-OPO;PUF-RED-L;6
2026-09-30;WH-WEB;PUF-RED-L;100
2026-09-30;LIS1;PJA-GRN-S;0
2026-09-30;LIS2;PJA-GRN-S;0
2026-09-30;OPO1;PJA-GRN-S;0
2026-09-30;OPO2;PJA-GRN-S;0
2026-09-30;MAD1;PJA-GRN-S;0
2026-09-30;LON1;PJA-GRN-S;0
2026-09-30;WH-OPO;PJA-GRN-S;17
2026-09-30;WH-WEB;PJA-GRN-S;98
2026-09-30;LIS1;PJA-OLV-S;0
2026-09-30;LIS2;PJA-OLV-S;0
2026-09-30;OPO1;PJA-OLV-S;0
2026-09-30;OPO2;PJA-OLV-S;0
2026-09-30;MAD1;PJA-OLV-S;0
2026-09-30;LON1;PJA-OLV-S;0
2026-09-30;WH-OPO;PJA-OLV-S;18
2026-09-30;WH-WEB;PJA-OLV-S;100
2026-09-30;LIS1;PJA-OCN-S;0
2026-09-30;LIS2;PJA-OCN-S;0
2026-09-30;OPO1;PJA-OCN-S;0
2026-09-30;OPO2;PJA-OCN-S;0
2026-09-30;MAD1;PJA-OCN-S;0
2026-09-30;LON1;PJA-OCN-S;0
2026-09-30;WH-OPO;PJA-OCN-S;4
2026-09-30;WH-WEB;PJA-OCN-S;100
2026-09-30;LIS1;PJA-PRP-S;0
2026-09-30;LIS2;PJA-PRP-S;0
2026-09-30;OPO1;PJA-PRP-S;0
2026-09-30;OPO2;PJA-PRP-S;0
2026-09-30;MAD1;PJA-PRP-S;0
2026-09-30;LON1;PJA-PRP-S;0
2026-09-30;WH-OPO;PJA-PRP-S;9
2026-09-30;WH-WEB;PJA-PRP-S;100
2026-09-30;LIS1;PJA-RED-S;0
2026-09-30;LIS2;PJA-RED-S;0
2026-09-30;OPO1;PJA-RED-S;0
2026-09-30;OPO2;PJA-RED-S;0
2026-09-30;MAD1;PJA-RED-S;0
2026-09-30;LON1;PJA-RED-S;0
2026-09-30;WH-OPO;PJA-RED-S;13
2026-09-30;WH-WEB;PJA-RED-S;100
2026-09-30;LIS1;PJA-GRN-M;0
2026-09-30;LIS2;PJA-GRN-M;0
2026-09-30;OPO1;PJA-GRN-M;0
2026-09-30;OPO2;PJA-GRN-M;0
2026-09-30;MAD1;PJA-GRN-M;0
2026-09-30;LON1;PJA-GRN-M;0
2026-09-30;WH-OPO;PJA-GRN-M;24
2026-09-30;WH-WEB;PJA-GRN-M;99
2026-09-30;LIS1;PJA-OLV-M;0
2026-09-30;LIS2;PJA-OLV-M;0
2026-09-30;OPO1;PJA-OLV-M;0
2026-09-30;OPO2;PJA-OLV-M;0
2026-09-30;MAD1;PJA-OLV-M;0
2026-09-30;LON1;PJA-OLV-M;0
2026-09-30;WH-OPO;PJA-OLV-M;24
2026-09-30;WH-WEB;PJA-OLV-M;100
2026-09-30;LIS1;PJA-OCN-M;0
2026-09-30;LIS2;PJA-OCN-M;0
2026-09-30;OPO1;PJA-OCN-M;1
2026-09-30;OPO2;PJA-OCN-M;0
2026-09-30;MAD1;PJA-OCN-M;0
2026-09-30;LON1;PJA-OCN-M;0
2026-09-30;WH-OPO;PJA-OCN-M;13
2026-09-30;WH-WEB;PJA-OCN-M;100
2026-09-30;LIS1;PJA-PRP-M;0
2026-09-30;LIS2;PJA-PRP-M;0
2026-09-30;OPO1;PJA-PRP-M;0
2026-09-30;OPO2;PJA-PRP-M;0
2026-09-30;MAD1;PJA-PRP-M;0
2026-09-30;LON1;PJA-PRP-M;0
2026-09-30;WH-OPO;PJA-PRP-M;11
2026-09-30;WH-WEB;PJA-PRP-M;100
2026-09-30;LIS1;PJA-RED-M;0
2026-09-30;LIS2;PJA-RED-M;0
2026-09-30;OPO1;PJA-RED-M;1
2026-09-30;OPO2;PJA-RED-M;0
2026-09-30;MAD1;PJA-RED-M;0
2026-09-30;LON1;PJA-RED-M;0
2026-09-30;WH-OPO;PJA-RED-M;15
2026-09-30;WH-WEB;PJA-RED-M;100
2026-09-30;LIS1;PJA-GRN-L;0
2026-09-30;LIS2;PJA-GRN-L;0
2026-09-30;OPO1;PJA-GRN-L;0
2026-09-30;OPO2;PJA-GRN-L;0
2026-09-30;MAD1;PJA-GRN-L;0
2026-09-30;LON1;PJA-GRN-L;0
2026-09-30;WH-OPO;PJA-GRN-L;15
2026-09-30;WH-WEB;PJA-GRN-L;100
2026-09-30;LIS1;PJA-OLV-L;0
2026-09-30;LIS2;PJA-OLV-L;0
2026-09-30;OPO1;PJA-OLV-L;0
2026-09-30;OPO2;PJA-OLV-L;0
2026-09-30;MAD1;PJA-OLV-L;0
2026-09-30;LON1;PJA-OLV-L;0
2026-09-30;WH-OPO;PJA-OLV-L;8
2026-09-30;WH-WEB;PJA-OLV-L;100
2026-09-30;LIS1;PJA-OCN-L;0
2026-09-30;LIS2;PJA-OCN-L;0
2026-09-30;OPO1;PJA-OCN-L;1
2026-09-30;OPO2;PJA-OCN-L;0
2026-09-30;MAD1;PJA-OCN-L;0
2026-09-30;LON1;PJA-OCN-L;0
2026-09-30;WH-OPO;PJA-OCN-L;23
2026-09-30;WH-WEB;PJA-OCN-L;100
2026-09-30;LIS1;PJA-PRP-L;0
2026-09-30;LIS2;PJA-PRP-L;0
2026-09-30;OPO1;PJA-PRP-L;0
2026-09-30;OPO2;PJA-PRP-L;0
2026-09-30;MAD1;PJA-PRP-L;0
2026-09-30;LON1;PJA-PRP-L;0
2026-09-30;WH-OPO;PJA-PRP-L;3
2026-09-30;WH-WEB;PJA-PRP-L;100
2026-09-30;LIS1;PJA-RED-L;0
2026-09-30;LIS2;PJA-RED-L;0
2026-09-30;OPO1;PJA-RED-L;0
2026-09-30;OPO2;PJA-RED-L;0
2026-09-30;MAD1;PJA-RED-L;0
2026-09-30;LON1;PJA-RED-L;0
2026-09-30;WH-OPO;PJA-RED-L;18
2026-09-30;WH-WEB;PJA-RED-L;100
2026-09-30;LIS1;SHO-GRN-S;2
2026-09-30;LIS2;SHO-GRN-S;1
2026-09-30;OPO1;SHO-GRN-S;1
2026-09-30;OPO2;SHO-GRN-S;1
2026-09-30;MAD1;SHO-GRN-S;1
2026-09-30;LON1;SHO-GRN-S;1
2026-09-30;WH-OPO;SHO-GRN-S;8
2026-09-30;WH-WEB;SHO-GRN-S;48
2026-09-30;LIS1;SHO-OLV-S;1
2026-09-30;LIS2;SHO-OLV-S;1
2026-09-30;OPO1;SHO-OLV-S;2
2026-09-30;OPO2;SHO-OLV-S;1
2026-09-30;MAD1;SHO-OLV-S;1
2026-09-30;LON1;SHO-OLV-S;1
2026-09-30;WH-OPO;SHO-OLV-S;14
2026-09-30;WH-WEB;SHO-OLV-S;50
2026-09-30;LIS1;SHO-OCN-S;1
2026-09-30;LIS2;SHO-OCN-S;2
2026-09-30;OPO1;SHO-OCN-S;1
2026-09-30;OPO2;SHO-OCN-S;1
2026-09-30;MAD1;SHO-OCN-S;0
2026-09-30;LON1;SHO-OCN-S;1
2026-09-30;WH-OPO;SHO-OCN-S;16
2026-09-30;WH-WEB;SHO-OCN-S;50
2026-09-30;LIS1;SHO-PRP-S;1
2026-09-30;LIS2;SHO-PRP-S;0
2026-09-30;OPO1;SHO-PRP-S;1
2026-09-30;OPO2;SHO-PRP-S;0
2026-09-30;MAD1;SHO-PRP-S;1
2026-09-30;LON1;SHO-PRP-S;1
2026-09-30;WH-OPO;SHO-PRP-S;7
2026-09-30;WH-WEB;SHO-PRP-S;50
2026-09-30;LIS1;SHO-RED-S;1
2026-09-30;LIS2;SHO-RED-S;1
2026-09-30;OPO1;SHO-RED-S;1
2026-09-30;OPO2;SHO-RED-S;0
2026-09-30;MAD1;SHO-RED-S;1
2026-09-30;LON1;SHO-RED-S;1
2026-09-30;WH-OPO;SHO-RED-S;6
2026-09-30;WH-WEB;SHO-RED-S;50
2026-09-30;LIS1;SHO-GRN-M;1
2026-09-30;LIS2;SHO-GRN-M;1
2026-09-30;OPO1;SHO-GRN-M;2
2026-09-30;OPO2;SHO-GRN-M;0
2026-09-30;MAD1;SHO-GRN-M;0
2026-09-30;LON1;SHO-GRN-M;1
2026-09-30;WH-OPO;SHO-GRN-M;8
2026-09-30;WH-WEB;SHO-GRN-M;49
2026-09-30;LIS1;SHO-OLV-M;2
2026-09-30;LIS2;SHO-OLV-M;2
2026-09-30;OPO1;SHO-OLV-M;2
2026-09-30;OPO2;SHO-OLV-M;0
2026-09-30;MAD1;SHO-OLV-M;2
2026-09-30;LON1;SHO-OLV-M;0
2026-09-30;WH-OPO;SHO-OLV-M;32
2026-09-30;WH-WEB;SHO-OLV-M;50
2026-09-30;LIS1;SHO-OCN-M;1
2026-09-30;LIS2;SHO-OCN-M;3
2026-09-30;OPO1;SHO-OCN-M;0
2026-09-30;OPO2;SHO-OCN-M;1
2026-09-30;MAD1;SHO-OCN-M;2
2026-09-30;LON1;SHO-OCN-M;2
2026-09-30;WH-OPO;SHO-OCN-M;17
2026-09-30;WH-WEB;SHO-OCN-M;50
2026-09-30;LIS1;SHO-PRP-M;1
2026-09-30;LIS2;SHO-PRP-M;1
2026-09-30;OPO1;SHO-PRP-M;2
2026-09-30;OPO2;SHO-PRP-M;1
2026-09-30;MAD1;SHO-PRP-M;1
2026-09-30;LON1;SHO-PRP-M;1
2026-09-30;WH-OPO;SHO-PRP-M;6
2026-09-30;WH-WEB;SHO-PRP-M;50
2026-09-30;LIS1;SHO-RED-M;3
2026-09-30;LIS2;SHO-RED-M;0
2026-09-30;OPO1;SHO-RED-M;2
2026-09-30;OPO2;SHO-RED-M;1
2026-09-30;MAD1;SHO-RED-M;2
2026-09-30;LON1;SHO-RED-M;1
2026-09-30;WH-OPO;SHO-RED-M;19
2026-09-30;WH-WEB;SHO-RED-M;50
2026-09-30;LIS1;SHO-GRN-L;2
2026-09-30;LIS2;SHO-GRN-L;2
2026-09-30;OPO1;SHO-GRN-L;2
2026-09-30;OPO2;SHO-GRN-L;1
2026-09-30;MAD1;SHO-GRN-L;1
2026-09-30;LON1;SHO-GRN-L;1
2026-09-30;WH-OPO;SHO-GRN-L;14
2026-09-30;WH-WEB;SHO-GRN-L;50
2026-09-30;LIS1;SHO-OLV-L;3
2026-09-30;LIS2;SHO-OLV-L;2
2026-09-30;OPO1;SHO-OLV-L;1
2026-09-30;OPO2;SHO-OLV-L;0
2026-09-30;MAD1;SHO-OLV-L;0
2026-09-30;LON1;SHO-OLV-L;1
2026-09-30;WH-OPO;SHO-OLV-L;6
2026-09-30;WH-WEB;SHO-OLV-L;49
2026-09-30;LIS1;SHO-OCN-L;1
2026-09-30;LIS2;SHO-OCN-L;0
2026-09-30;OPO1;SHO-OCN-L;2
2026-09-30;OPO2;SHO-OCN-L;1
2026-09-30;MAD1;SHO-OCN-L;2
2026-09-30;LON1;SHO-OCN-L;1
2026-09-30;WH-OPO;SHO-OCN-L;11
2026-09-30;WH-WEB;SHO-OCN-L;50
2026-09-30;LIS1;SHO-PRP-L;0
2026-09-30;LIS2;SHO-PRP-L;0
2026-09-30;OPO1;SHO-PRP-L;0
2026-09-30;OPO2;SHO-PRP-L;1
2026-09-30;MAD1;SHO-PRP-L;1
2026-09-30;LON1;SHO-PRP-L;1
2026-09-30;WH-OPO;SHO-PRP-L;9
2026-09-30;WH-WEB;SHO-PRP-L;50
2026-09-30;LIS1;SHO-RED-L;1
2026-09-30;LIS2;SHO-RED-L;1
2026-09-30;OPO1;SHO-RED-L;2
2026-09-30;OPO2;SHO-RED-L;1
2026-09-30;MAD1;SHO-RED-L;0
2026-09-30;LON1;SHO-RED-L;0
2026-09-30;WH-OPO;SHO-RED-L;9
2026-09-30;WH-WEB;SHO-RED-L;50
2026-09-30;LIS1;WSH-GRN-S;2
2026-09-30;LIS2;WSH-GRN-S;1
2026-09-30;OPO1;WSH-GRN-S;2
2026-09-30;OPO2;WSH-GRN-S;0
2026-09-30;MAD1;WSH-GRN-S;1
2026-09-30;LON1;WSH-GRN-S;1
2026-09-30;WH-OPO;WSH-GRN-S;8
2026-09-30;WH-WEB;WSH-GRN-S;999
2026-09-30;LIS1;WSH-OLV-S;3
2026-09-30;LIS2;WSH-OLV-S;2
2026-09-30;OPO1;WSH-OLV-S;0
2026-09-30;OPO2;WSH-OLV-S;0
2026-09-30;MAD1;WSH-OLV-S;1
2026-09-30;LON1;WSH-OLV-S;1
2026-09-30;WH-OPO;WSH-OLV-S;10
2026-09-30;WH-WEB;WSH-OLV-S;1000
2026-09-30;LIS1;WSH-OCN-S;3
2026-09-30;LIS2;WSH-OCN-S;0
2026-09-30;OPO1;WSH-OCN-S;0
2026-09-30;OPO2;WSH-OCN-S;1
2026-09-30;MAD1;WSH-OCN-S;1
2026-09-30;LON1;WSH-OCN-S;1
2026-09-30;WH-OPO;WSH-OCN-S;5
2026-09-30;WH-WEB;WSH-OCN-S;999
2026-09-30;LIS1;WSH-PRP-S;1
2026-09-30;LIS2;WSH-PRP-S;1
2026-09-30;OPO1;WSH-PRP-S;1
2026-09-30;OPO2;WSH-PRP-S;0
2026-09-30;MAD1;WSH-PRP-S;1
2026-09-30;LON1;WSH-PRP-S;1
2026-09-30;WH-OPO;WSH-PRP-S;7
2026-09-30;WH-WEB;WSH-PRP-S;1000
2026-09-30;LIS1;WSH-RED-S;1
2026-09-30;LIS2;WSH-RED-S;1
2026-09-30;OPO1;WSH-RED-S;2
2026-09-30;OPO2;WSH-RED-S;1
2026-09-30;MAD1;WSH-RED-S;2
2026-09-30;LON1;WSH-RED-S;0
2026-09-30;WH-OPO;WSH-RED-S;13
2026-09-30;WH-WEB;WSH-RED-S;1000
2026-09-30;LIS1;WSH-GRN-M;2
2026-09-30;LIS2;WSH-GRN-M;1
2026-09-30;OPO1;WSH-GRN-M;1
2026-09-30;OPO2;WSH-GRN-M;2
2026-09-30;MAD1;WSH-GRN-M;2
2026-09-30;LON1;WSH-GRN-M;1
2026-09-30;WH-OPO;WSH-GRN-M;19
2026-09-30;WH-WEB;WSH-GRN-M;1000
2026-09-30;LIS1;WSH-OLV-M;3
2026-09-30;LIS2;WSH-OLV-M;2
2026-09-30;OPO1;WSH-OLV-M;2
2026-09-30;OPO2;WSH-OLV-M;1
2026-09-30;MAD1;WSH-OLV-M;2
2026-09-30;LON1;WSH-OLV-M;3
2026-09-30;WH-OPO;WSH-OLV-M;14
2026-09-30;WH-WEB;WSH-OLV-M;1000
2026-09-30;LIS1;WSH-OCN-M;5
2026-09-30;LIS2;WSH-OCN-M;1
2026-09-30;OPO1;WSH-OCN-M;1
2026-09-30;OPO2;WSH-OCN-M;1
2026-09-30;MAD1;WSH-OCN-M;3
2026-09-30;LON1;WSH-OCN-M;0
2026-09-30;WH-OPO;WSH-OCN-M;13
2026-09-30;WH-WEB;WSH-OCN-M;1000
2026-09-30;LIS1;WSH-PRP-M;2
2026-09-30;LIS2;WSH-PRP-M;2
2026-09-30;OPO1;WSH-PRP-M;2
2026-09-30;OPO2;WSH-PRP-M;1
2026-09-30;MAD1;WSH-PRP-M;2
2026-09-30;LON1;WSH-PRP-M;1
2026-09-30;WH-OPO;WSH-PRP-M;12
2026-09-30;WH-WEB;WSH-PRP-M;1000
2026-09-30;LIS1;WSH-RED-M;1
2026-09-30;LIS2;WSH-RED-M;2
2026-09-30;OPO1;WSH-RED-M;2
2026-09-30;OPO2;WSH-RED-M;1
2026-09-30;MAD1;WSH-RED-M;1
2026-09-30;LON1;WSH-RED-M;2
2026-09-30;WH-OPO;WSH-RED-M;21
2026-09-30;WH-WEB;WSH-RED-M;999
2026-09-30;LIS1;WSH-GRN-L;1
2026-09-30;LIS2;WSH-GRN-L;1
2026-09-30;OPO1;WSH-GRN-L;1
2026-09-30;OPO2;WSH-GRN-L;1
2026-09-30;MAD1;WSH-GRN-L;2
2026-09-30;LON1;WSH-GRN-L;0
2026-09-30;WH-OPO;WSH-GRN-L;15
2026-09-30;WH-WEB;WSH-GRN-L;1000
2026-09-30;LIS1;WSH-OLV-L;2
2026-09-30;LIS2;WSH-OLV-L;1
2026-09-30;OPO1;WSH-OLV-L;1
2026-09-30;OPO2;WSH-OLV-L;1
2026-09-30;MAD1;WSH-OLV-L;2
2026-09-30;LON1;WSH-OLV-L;2
2026-09-30;WH-OPO;WSH-OLV-L;30
2026-09-30;WH-WEB;WSH-OLV-L;1000
2026-09-30;LIS1;WSH-OCN-L;3
2026-09-30;LIS2;WSH-OCN-L;1
2026-09-30;OPO1;WSH-OCN-L;3
2026-09-30;OPO2;WSH-OCN-L;0
2026-09-30;MAD1;WSH-OCN-L;3
2026-09-30;LON1;WSH-OCN-L;1
2026-09-30;WH-OPO;WSH-OCN-L;8
2026-09-30;WH-WEB;WSH-OCN-L;999
2026-09-30;LIS1;WSH-PRP-L;2
2026-09-30;LIS2;WSH-PRP-L;1
2026-09-30;OPO1;WSH-PRP-L;1
2026-09-30;OPO2;WSH-PRP-L;0
2026-09-30;MAD1;WSH-PRP-L;0
2026-09-30;LON1;WSH-PRP-L;0
2026-09-30;WH-OPO;WSH-PRP-L;14
2026-09-30;WH-WEB;WSH-PRP-L;1000
2026-09-30;LIS1;WSH-RED-L;3
2026-09-30;LIS2;WSH-RED-L;1
2026-09-30;OPO1;WSH-RED-L;3
2026-09-30;OPO2;WSH-RED-L;1
2026-09-30;MAD1;WSH-RED-L;0
2026-09-30;LON1;WSH-RED-L;1
2026-09-30;WH-OPO;WSH-RED-L;17
2026-09-30;WH-WEB;WSH-RED-L;1000
2026-09-30;LIS1;BSU-BLK-OS;2
2026-09-30;LIS2;BSU-BLK-OS;1
2026-09-30;OPO1;BSU-BLK-OS;2
2026-09-30;OPO2;BSU-BLK-OS;1
2026-09-30;MAD1;BSU-BLK-OS;1
2026-09-30;LON1;BSU-BLK-OS;1
2026-09-30;WH-OPO;BSU-BLK-OS;8
2026-09-30;WH-WEB;BSU-BLK-OS;45
2026-09-30;LIS1;WLS-BLK-4;2
2026-09-30;LIS2;WLS-BLK-4;1
2026-09-30;OPO1;WLS-BLK-4;2
2026-09-30;OPO2;WLS-BLK-4;0
2026-09-30;MAD1;WLS-BLK-4;1
2026-09-30;LON1;WLS-BLK-4;1
2026-09-30;WH-OPO;WLS-BLK-4;10
2026-09-30;WH-WEB;WLS-BLK-4;46
2026-09-30;LIS1;WLS-BLK-5;2
2026-09-30;LIS2;WLS-BLK-5;2
2026-09-30;OPO1;WLS-BLK-5;1
2026-09-30;OPO2;WLS-BLK-5;0
2026-09-30;MAD1;WLS-BLK-5;1
2026-09-30;LON1;WLS-BLK-5;1
2026-09-30;WH-OPO;WLS-BLK-5;12
2026-09-30;WH-WEB;WLS-BLK-5;50
2026-09-30;LIS1;WLS-BLK-6;2
2026-09-30;LIS2;WLS-BLK-6;1
2026-09-30;OPO1;WLS-BLK-6;1
2026-09-30;OPO2;WLS-BLK-6;0
2026-09-30;MAD1;WLS-BLK-6;1
2026-09-30;LON1;WLS-BLK-6;1
2026-09-30;WH-OPO;WLS-BLK-6;7
2026-09-30;WH-WEB;WLS-BLK-6;50
2026-09-30;LIS1;WLS-BLK-7;2
2026-09-30;LIS2;WLS-BLK-7;2
2026-09-30;OPO1;WLS-BLK-7;2
2026-09-30;OPO2;WLS-BLK-7;1
2026-09-30;MAD1;WLS-BLK-7;0
2026-09-30;LON1;WLS-BLK-7;1
2026-09-30;WH-OPO;WLS-BLK-7;7
2026-09-30;WH-WEB;WLS-BLK-7;50
2026-09-30;LIS1;WLS-BLK-8;2
2026-09-30;LIS2;WLS-BLK-8;1
2026-09-30;OPO1;WLS-BLK-8;1
2026-09-30;OPO2;WLS-BLK-8;0
2026-09-30;MAD1;WLS-BLK-8;1
2026-09-30;LON1;WLS-BLK-8;0
2026-09-30;WH-OPO;WLS-BLK-8;11
2026-09-30;WH-WEB;WLS-BLK-8;50
2026-09-30;LIS1;GLS-BLK-4;0
2026-09-30;LIS2;GLS-BLK-4;1
2026-09-30;OPO1;GLS-BLK-4;2
2026-09-30;OPO2;GLS-BLK-4;1
2026-09-30;MAD1;GLS-BLK-4;1
2026-09-30;LON1;GLS-BLK-4;1
2026-09-30;WH-OPO;GLS-BLK-4;11
2026-09-30;WH-WEB;GLS-BLK-4;49
2026-09-30;LIS1;GLS-BLK-5;1
2026-09-30;LIS2;GLS-BLK-5;0
2026-09-30;OPO1;GLS-BLK-5;0
2026-09-30;OPO2;GLS-BLK-5;1
2026-09-30;MAD1;GLS-BLK-5;2
2026-09-30;LON1;GLS-BLK-5;1
2026-09-30;WH-OPO;GLS-BLK-5;6
2026-09-30;WH-WEB;GLS-BLK-5;50
2026-09-30;LIS1;GLS-BLK-6;1
2026-09-30;LIS2;GLS-BLK-6;1
2026-09-30;OPO1;GLS-BLK-6;2
2026-09-30;OPO2;GLS-BLK-6;0
2026-09-30;MAD1;GLS-BLK-6;1
2026-09-30;LON1;GLS-BLK-6;1
2026-09-30;WH-OPO;GLS-BLK-6;7
2026-09-30;WH-WEB;GLS-BLK-6;50
2026-09-30;LIS1;GLS-BLK-7;2
2026-09-30;LIS2;GLS-BLK-7;1
2026-09-30;OPO1;GLS-BLK-7;3
2026-09-30;OPO2;GLS-BLK-7;1
2026-09-30;MAD1;GLS-BLK-7;2
2026-09-30;LON1;GLS-BLK-7;0
2026-09-30;WH-OPO;GLS-BLK-7;19
2026-09-30;WH-WEB;GLS-BLK-7;50
2026-09-30;LIS1;GLS-BLK-8;2
2026-09-30;LIS2;GLS-BLK-8;2
2026-09-30;OPO1;GLS-BLK-8;2
2026-09-30;OPO2;GLS-BLK-8;1
2026-09-30;MAD1;GLS-BLK-8;0
2026-09-30;LON1;GLS-BLK-8;1
2026-09-30;WH-OPO;GLS-BLK-8;10
2026-09-30;WH-WEB;GLS-BLK-8;50
2026-09-30;LIS1;GLS-BLK-9;3
2026-09-30;LIS2;GLS-BLK-9;2
2026-09-30;OPO1;GLS-BLK-9;2
2026-09-30;OPO2;GLS-BLK-9;1
2026-09-30;MAD1;GLS-BLK-9;1
2026-09-30;LON1;GLS-BLK-9;1
2026-09-30;WH-OPO;GLS-BLK-9;16
2026-09-30;WH-WEB;GLS-BLK-9;49
2026-09-30;LIS1;GLS-BLK-10;2
2026-09-30;LIS2;GLS-BLK-10;2
2026-09-30;OPO1;GLS-BLK-10;0
2026-09-30;OPO2;GLS-BLK-10;0
2026-09-30;MAD1;GLS-BLK-10;1
2026-09-30;LON1;GLS-BLK-10;1
2026-09-30;WH-OPO;GLS-BLK-10;7
2026-09-30;WH-WEB;GLS-BLK-10;50
2026-09-30;LIS1;GLS-BLK-11;1
2026-09-30;LIS2;GLS-BLK-11;1
2026-09-30;OPO1;GLS-BLK-11;1
2026-09-30;OPO2;GLS-BLK-11;1
2026-09-30;MAD1;GLS-BLK-11;0
2026-09-30;LON1;GLS-BLK-11;0
2026-09-30;WH-OPO;GLS-BLK-11;11
2026-09-30;WH-WEB;GLS-BLK-11;50
2026-09-30;LIS1;GLS-BLK-12;1
2026-09-30;LIS2;GLS-BLK-12;0
2026-09-30;OPO1;GLS-BLK-12;0
2026-09-30;OPO2;GLS-BLK-12;0
2026-09-30;MAD1;GLS-BLK-12;1
2026-09-30;LON1;GLS-BLK-12;0
2026-09-30;WH-OPO;GLS-BLK-12;12
2026-09-30;WH-WEB;GLS-BLK-12;50
2026-09-30;LIS1;GRU-BLK-4;1
2026-09-30;LIS2;GRU-BLK-4;1
2026-09-30;OPO1;GRU-BLK-4;2
2026-09-30;OPO2;GRU-BLK-4;1
2026-09-30;MAD1;GRU-BLK-4;1
2026-09-30;LON1;GRU-BLK-4;1
2026-09-30;WH-OPO;GRU-BLK-4;12
2026-09-30;WH-WEB;GRU-BLK-4;50
2026-09-30;LIS1;GRU-BLK-5;1
2026-09-30;LIS2;GRU-BLK-5;0
2026-09-30;OPO1;GRU-BLK-5;1
2026-09-30;OPO2;GRU-BLK-5;0
2026-09-30;MAD1;GRU-BLK-5;1
2026-09-30;LON1;GRU-BLK-5;1
2026-09-30;WH-OPO;GRU-BLK-5;3
2026-09-30;WH-WEB;GRU-BLK-5;50
2026-09-30;LIS1;GRU-BLK-6;0
2026-09-30;LIS2;GRU-BLK-6;1
2026-09-30;OPO1;GRU-BLK-6;2
2026-09-30;OPO2;GRU-BLK-6;1
2026-09-30;MAD1;GRU-BLK-6;0
2026-09-30;LON1;GRU-BLK-6;1
2026-09-30;WH-OPO;GRU-BLK-6;8
2026-09-30;WH-WEB;GRU-BLK-6;50
2026-09-30;LIS1;GRU-BLK-7;1
2026-09-30;LIS2;GRU-BLK-7;1
2026-09-30;OPO1;GRU-BLK-7;1
2026-09-30;OPO2;GRU-BLK-7;1
2026-09-30;MAD1;GRU-BLK-7;1
2026-09-30;LON1;GRU-BLK-7;1
2026-09-30;WH-OPO;GRU-BLK-7;3
2026-09-30;WH-WEB;GRU-BLK-7;50
2026-09-30;LIS1;GRU-BLK-8;1
2026-09-30;LIS2;GRU-BLK-8;1
2026-09-30;OPO1;GRU-BLK-8;1
2026-09-30;OPO2;GRU-BLK-8;1
2026-09-30;MAD1;GRU-BLK-8;1
2026-09-30;LON1;GRU-BLK-8;1
2026-09-30;WH-OPO;GRU-BLK-8;12
2026-09-30;WH-WEB;GRU-BLK-8;50
2026-09-30;LIS1;GRU-BLK-9;2
2026-09-30;LIS2;GRU-BLK-9;1
2026-09-30;OPO1;GRU-BLK-9;1
2026-09-30;OPO2;GRU-BLK-9;1
2026-09-30;MAD1;GRU-BLK-9;0
2026-09-30;LON1;GRU-BLK-9;1
2026-09-30;WH-OPO;GRU-BLK-9;6
2026-09-30;WH-WEB;GRU-BLK-9;50
2026-09-30;LIS1;GRU-BLK-10;1
2026-09-30;LIS2;GRU-BLK-10;0
2026-09-30;OPO1;GRU-BLK-10;0
2026-09-30;OPO2;GRU-BLK-10;0
2026-09-30;MAD1;GRU-BLK-10;1
2026-09-30;LON1;GRU-BLK-10;1
2026-09-30;WH-OPO;GRU-BLK-10;4
2026-09-30;WH-WEB;GRU-BLK-10;50
2026-09-30;LIS1;GRU-BLK-11;0
2026-09-30;LIS2;GRU-BLK-11;2
2026-09-30;OPO1;GRU-BLK-11;2
2026-09-30;OPO2;GRU-BLK-11;1
2026-09-30;MAD1;GRU-BLK-11;1
2026-09-30;LON1;GRU-BLK-11;1
2026-09-30;WH-OPO;GRU-BLK-11;9
2026-09-30;WH-WEB;GRU-BLK-11;50
2026-09-30;LIS1;GRU-BLK-12;1
2026-09-30;LIS2;GRU-BLK-12;1
2026-09-30;OPO1;GRU-BLK-12;1
2026-09-30;OPO2;GRU-BLK-12;0
2026-09-30;MAD1;GRU-BLK-12;1
2026-09-30;LON1;GRU-BLK-12;0
2026-09-30;WH-OPO;GRU-BLK-12;5
2026-09-30;WH-WEB;GRU-BLK-12;50
2026-09-30;LIS1;GRU-BLK-13;1
2026-09-30;LIS2;GRU-BLK-13;1
2026-09-30;OPO1;GRU-BLK-13;2
2026-09-30;OPO2;GRU-BLK-13;1
2026-09-30;MAD1;GRU-BLK-13;1
2026-09-30;LON1;GRU-BLK-13;0
2026-09-30;WH-OPO;GRU-BLK-13;9
2026-09-30;WH-WEB;GRU-BLK-13;50
2026-09-30;LIS1;GRU-BLK-14;1
2026-09-30;LIS2;GRU-BLK-14;1
2026-09-30;OPO1;GRU-BLK-14;0
2026-09-30;OPO2;GRU-BLK-14;0
2026-09-30;MAD1;GRU-BLK-14;0
2026-09-30;LON1;GRU-BLK-14;1
2026-09-30;WH-OPO;GRU-BLK-14;9
2026-09-30;WH-WEB;GRU-BLK-14;50
2026-09-30;LIS1;CSU-BLK-OS;2
2026-09-30;LIS2;CSU-BLK-OS;1
2026-09-30;OPO1;CSU-BLK-OS;1
2026-09-30;OPO2;CSU-BLK-OS;1
2026-09-30;MAD1;CSU-BLK-OS;1
2026-09-30;LON1;CSU-BLK-OS;0
2026-09-30;WH-OPO;CSU-BLK-OS;8
2026-09-30;WH-WEB;CSU-BLK-OS;0
2026-09-30;LIS1;HTS-BLK-6;0
2026-09-30;LIS2;HTS-BLK-6;0
2026-09-30;OPO1;HTS-BLK-6;2
2026-09-30;OPO2;HTS-BLK-6;1
2026-09-30;MAD1;HTS-BLK-6;1
2026-09-30;LON1;HTS-BLK-6;0
2026-09-30;WH-OPO;HTS-BLK-6;4
2026-09-30;WH-WEB;HTS-BLK-6;30
2026-09-30;LIS1;HTS-BLK-7;0
2026-09-30;LIS2;HTS-BLK-7;1
2026-09-30;OPO1;HTS-BLK-7;0
2026-09-30;OPO2;HTS-BLK-7;0
2026-09-30;MAD1;HTS-BLK-7;0
2026-09-30;LON1;HTS-BLK-7;1
2026-09-30;WH-OPO;HTS-BLK-7;11
2026-09-30;WH-WEB;HTS-BLK-7;49
2026-09-30;LIS1;HTS-BLK-8;0
2026-09-30;LIS2;HTS-BLK-8;0
2026-09-30;OPO1;HTS-BLK-8;0
2026-09-30;OPO2;HTS-BLK-8;1
2026-09-30;MAD1;HTS-BLK-8;1
2026-09-30;LON1;HTS-BLK-8;1
2026-09-30;WH-OPO;HTS-BLK-8;13
2026-09-30;WH-WEB;HTS-BLK-8;46
2026-09-30;LIS1;HTS-BLK-9;2
2026-09-30;LIS2;HTS-BLK-9;1
2026-09-30;OPO1;HTS-BLK-9;1
2026-09-30;OPO2;HTS-BLK-9;1
2026-09-30;MAD1;HTS-BLK-9;2
2026-09-30;LON1;HTS-BLK-9;0
2026-09-30;WH-OPO;HTS-BLK-9;13
2026-09-30;WH-WEB;HTS-BLK-9;0
2026-09-30;LIS1;HTS-BLK-10;1
2026-09-30;LIS2;HTS-BLK-10;0
2026-09-30;OPO1;HTS-BLK-10;0
2026-09-30;OPO2;HTS-BLK-10;0
2026-09-30;MAD1;HTS-BLK-10;1
2026-09-30;LON1;HTS-BLK-10;1
2026-09-30;WH-OPO;HTS-BLK-10;5
2026-09-30;WH-WEB;HTS-BLK-10;0
2026-09-30;LIS1;BEA-GRN-OS;0
2026-09-30;LIS2;BEA-GRN-OS;0
2026-09-30;OPO1;BEA-GRN-OS;0
2026-09-30;OPO2;BEA-GRN-OS;0
2026-09-30;MAD1;BEA-GRN-OS;0
2026-09-30;LON1;BEA-GRN-OS;0
2026-09-30;WH-OPO;BEA-GRN-OS;10
2026-09-30;WH-WEB;BEA-GRN-OS;37
2026-09-30;LIS1;BEA-OLV-OS;1
2026-09-30;LIS2;BEA-OLV-OS;0
2026-09-30;OPO1;BEA-OLV-OS;0
2026-09-30;OPO2;BEA-OLV-OS;0
2026-09-30;MAD1;BEA-OLV-OS;0
2026-09-30;LON1;BEA-OLV-OS;0
2026-09-30;WH-OPO;BEA-OLV-OS;26
2026-09-30;WH-WEB;BEA-OLV-OS;49
2026-09-30;LIS1;BEA-OCN-OS;0
2026-09-30;LIS2;BEA-OCN-OS;0
2026-09-30;OPO1;BEA-OCN-OS;0
2026-09-30;OPO2;BEA-OCN-OS;0
2026-09-30;MAD1;BEA-OCN-OS;0
2026-09-30;LON1;BEA-OCN-OS;0
2026-09-30;WH-OPO;BEA-OCN-OS;27
2026-09-30;WH-WEB;BEA-OCN-OS;50
2026-09-30;LIS1;BEA-PRP-OS;0
2026-09-30;LIS2;BEA-PRP-OS;0
2026-09-30;OPO1;BEA-PRP-OS;0
2026-09-30;OPO2;BEA-PRP-OS;0
2026-09-30;MAD1;BEA-PRP-OS;0
2026-09-30;LON1;BEA-PRP-OS;0
2026-09-30;WH-OPO;BEA-PRP-OS;7
2026-09-30;WH-WEB;BEA-PRP-OS;49
2026-09-30;LIS1;BEA-RED-OS;0
2026-09-30;LIS2;BEA-RED-OS;0
2026-09-30;OPO1;BEA-RED-OS;0
2026-09-30;OPO2;BEA-RED-OS;0
2026-09-30;MAD1;BEA-RED-OS;0
2026-09-30;LON1;BEA-RED-OS;0
2026-09-30;WH-OPO;BEA-RED-OS;18
2026-09-30;WH-WEB;BEA-RED-OS;47
2026-09-30;LIS1;HOO-RED-S;0
2026-09-30;LIS2;HOO-RED-S;1
2026-09-30;OPO1;HOO-RED-S;1
2026-09-30;OPO2;HOO-RED-S;0
2026-09-30;MAD1;HOO-RED-S;0
2026-09-30;LON1;HOO-RED-S;0
2026-09-30;WH-OPO;HOO-RED-S;29
2026-09-30;WH-WEB;HOO-RED-S;48
2026-09-30;LIS1;HOO-CLY-S;1
2026-09-30;LIS2;HOO-CLY-S;1
2026-09-30;OPO1;HOO-CLY-S;1
2026-09-30;OPO2;HOO-CLY-S;0
2026-09-30;MAD1;HOO-CLY-S;0
2026-09-30;LON1;HOO-CLY-S;0
2026-09-30;WH-OPO;HOO-CLY-S;20
2026-09-30;WH-WEB;HOO-CLY-S;0
2026-09-30;LIS1;HOO-OCN-S;0
2026-09-30;LIS2;HOO-OCN-S;0
2026-09-30;OPO1;HOO-OCN-S;0
2026-09-30;OPO2;HOO-OCN-S;0
2026-09-30;MAD1;HOO-OCN-S;0
2026-09-30;LON1;HOO-OCN-S;0
2026-09-30;WH-OPO;HOO-OCN-S;43
2026-09-30;WH-WEB;HOO-OCN-S;49
2026-09-30;LIS1;HOO-PRP-S;0
2026-09-30;LIS2;HOO-PRP-S;0
2026-09-30;OPO1;HOO-PRP-S;0
2026-09-30;OPO2;HOO-PRP-S;0
2026-09-30;MAD1;HOO-PRP-S;0
2026-09-30;LON1;HOO-PRP-S;0
2026-09-30;WH-OPO;HOO-PRP-S;17
2026-09-30;WH-WEB;HOO-PRP-S;50
2026-09-30;LIS1;HOO-GRN-S;1
2026-09-30;LIS2;HOO-GRN-S;0
2026-09-30;OPO1;HOO-GRN-S;0
2026-09-30;OPO2;HOO-GRN-S;0
2026-09-30;MAD1;HOO-GRN-S;0
2026-09-30;LON1;HOO-GRN-S;0
2026-09-30;WH-OPO;HOO-GRN-S;26
2026-09-30;WH-WEB;HOO-GRN-S;42
2026-09-30;LIS1;HOO-RED-M;0
2026-09-30;LIS2;HOO-RED-M;1
2026-09-30;OPO1;HOO-RED-M;1
2026-09-30;OPO2;HOO-RED-M;0
2026-09-30;MAD1;HOO-RED-M;0
2026-09-30;LON1;HOO-RED-M;0
2026-09-30;WH-OPO;HOO-RED-M;35
2026-09-30;WH-WEB;HOO-RED-M;50
2026-09-30;LIS1;HOO-CLY-M;1
2026-09-30;LIS2;HOO-CLY-M;0
2026-09-30;OPO1;HOO-CLY-M;1
2026-09-30;OPO2;HOO-CLY-M;1
2026-09-30;MAD1;HOO-CLY-M;0
2026-09-30;LON1;HOO-CLY-M;0
2026-09-30;WH-OPO;HOO-CLY-M;28
2026-09-30;WH-WEB;HOO-CLY-M;0
2026-09-30;LIS1;HOO-OCN-M;1
2026-09-30;LIS2;HOO-OCN-M;1
2026-09-30;OPO1;HOO-OCN-M;0
2026-09-30;OPO2;HOO-OCN-M;1
2026-09-30;MAD1;HOO-OCN-M;0
2026-09-30;LON1;HOO-OCN-M;0
2026-09-30;WH-OPO;HOO-OCN-M;18
2026-09-30;WH-WEB;HOO-OCN-M;50
2026-09-30;LIS1;HOO-PRP-M;0
2026-09-30;LIS2;HOO-PRP-M;0
2026-09-30;OPO1;HOO-PRP-M;0
2026-09-30;OPO2;HOO-PRP-M;0
2026-09-30;MAD1;HOO-PRP-M;0
2026-09-30;LON1;HOO-PRP-M;0
2026-09-30;WH-OPO;HOO-PRP-M;35
2026-09-30;WH-WEB;HOO-PRP-M;50
2026-09-30;LIS1;HOO-GRN-M;0
2026-09-30;LIS2;HOO-GRN-M;0
2026-09-30;OPO1;HOO-GRN-M;0
2026-09-30;OPO2;HOO-GRN-M;0
2026-09-30;MAD1;HOO-GRN-M;0
2026-09-30;LON1;HOO-GRN-M;1
2026-09-30;WH-OPO;HOO-GRN-M;17
2026-09-30;WH-WEB;HOO-GRN-M;49
2026-09-30;LIS1;HOO-RED-L;1
2026-09-30;LIS2;HOO-RED-L;1
2026-09-30;OPO1;HOO-RED-L;0
2026-09-30;OPO2;HOO-RED-L;0
2026-09-30;MAD1;HOO-RED-L;0
2026-09-30;LON1;HOO-RED-L;0
2026-09-30;WH-OPO;HOO-RED-L;11
2026-09-30;WH-WEB;HOO-RED-L;50
2026-09-30;LIS1;HOO-CLY-L;0
2026-09-30;LIS2;HOO-CLY-L;1
2026-09-30;OPO1;HOO-CLY-L;0
2026-09-30;OPO2;HOO-CLY-L;1
2026-09-30;MAD1;HOO-CLY-L;0
2026-09-30;LON1;HOO-CLY-L;0
2026-09-30;WH-OPO;HOO-CLY-L;54
2026-09-30;WH-WEB;HOO-CLY-L;0
2026-09-30;LIS1;HOO-OCN-L;1
2026-09-30;LIS2;HOO-OCN-L;0
2026-09-30;OPO1;HOO-OCN-L;0
2026-09-30;OPO2;HOO-OCN-L;0
2026-09-30;MAD1;HOO-OCN-L;0
2026-09-30;LON1;HOO-OCN-L;0
2026-09-30;WH-OPO;HOO-OCN-L;37
2026-09-30;WH-WEB;HOO-OCN-L;50
2026-09-30;LIS1;HOO-PRP-L;0
2026-09-30;LIS2;HOO-PRP-L;1
2026-09-30;OPO1;HOO-PRP-L;0
2026-09-30;OPO2;HOO-PRP-L;0
2026-09-30;MAD1;HOO-PRP-L;0
2026-09-30;LON1;HOO-PRP-L;0
2026-09-30;WH-OPO;HOO-PRP-L;14
2026-09-30;WH-WEB;HOO-PRP-L;50
2026-09-30;LIS1;HOO-GRN-L;1
2026-09-30;LIS2;HOO-GRN-L;0
2026-09-30;OPO1;HOO-GRN-L;0
2026-09-30;OPO2;HOO-GRN-L;0
2026-09-30;MAD1;HOO-GRN-L;0
2026-09-30;LON1;HOO-GRN-L;0
2026-09-30;WH-OPO;HOO-GRN-L;29
2026-09-30;WH-WEB;HOO-GRN-L;50
2026-09-30;LIS1;HOO-RED-XL;0
2026-09-30;LIS2;HOO-RED-XL;0
2026-09-30;OPO1;HOO-RED-XL;0
2026-09-30;OPO2;HOO-RED-XL;0
2026-09-30;MAD1;HOO-RED-XL;0
2026-09-30;LON1;HOO-RED-XL;0
2026-09-30;WH-OPO;HOO-RED-XL;16
2026-09-30;WH-WEB;HOO-RED-XL;50
2026-09-30;LIS1;HOO-CLY-XL;0
2026-09-30;LIS2;HOO-CLY-XL;0
2026-09-30;OPO1;HOO-CLY-XL;0
2026-09-30;OPO2;HOO-CLY-XL;0
2026-09-30;MAD1;HOO-CLY-XL;0
2026-09-30;LON1;HOO-CLY-XL;0
2026-09-30;WH-OPO;HOO-CLY-XL;10
2026-09-30;WH-WEB;HOO-CLY-XL;0
2026-09-30;LIS1;HOO-OCN-XL;0
2026-09-30;LIS2;HOO-OCN-XL;0
2026-09-30;OPO1;HOO-OCN-XL;0
2026-09-30;OPO2;HOO-OCN-XL;0
2026-09-30;MAD1;HOO-OCN-XL;0
2026-09-30;LON1;HOO-OCN-XL;0
2026-09-30;WH-OPO;HOO-OCN-XL;20
2026-09-30;WH-WEB;HOO-OCN-XL;50
2026-09-30;LIS1;HOO-PRP-XL;0
2026-09-30;LIS2;HOO-PRP-XL;0
2026-09-30;OPO1;HOO-PRP-XL;0
2026-09-30;OPO2;HOO-PRP-XL;0
2026-09-30;MAD1;HOO-PRP-XL;0
2026-09-30;LON1;HOO-PRP-XL;0
2026-09-30;WH-OPO;HOO-PRP-XL;7
2026-09-30;WH-WEB;HOO-PRP-XL;50
2026-09-30;LIS1;HOO-GRN-XL;0
2026-09-30;LIS2;HOO-GRN-XL;0
2026-09-30;OPO1;HOO-GRN-XL;0
2026-09-30;OPO2;HOO-GRN-XL;0
2026-09-30;MAD1;HOO-GRN-XL;0
2026-09-30;LON1;HOO-GRN-XL;0
2026-09-30;WH-OPO;HOO-GRN-XL;24
2026-09-30;WH-WEB;HOO-GRN-XL;50
