Supplier,Name,Country,Lead time (weeks)
SUP01,Fiação do Ave,PT,8
SUP02,Malhas Barcelos,PT,8
SUP03,Confeções Guimarães,PT,7
SUP04,Têxteis Famalicão,PT,8
SUP05,Tricot Felgueiras,PT,9
SUP06,Calçado São João,PT,10
SUP07,Algodão Vizela,PT,8
SUP08,Atelier Covilhã,PT,9
SUP09,Manufacturas Elche,ES,10
SUP10,Punto Mataró,ES,8
SUP11,Tessitura Biella,IT,9
SUP12,Maglificio Carpi,IT,8
SUP13,Izmir Cotton,TR,7
SUP14,Bursa Knit,TR,6
SUP15,Porto Packaging,PT,4
SUP16,Lã Serra da Estrela,PT,10
SUP17,Óculos Braga,PT,9
SUP18,Mochilas Ovar,PT,8
SUP19,Down Works Valencia,ES,10
SUP20,Estampados Trofa,PT,6
